npi,org_name,city,state,website,fb_page,fb_page_id,fb_page_url
1942084173,TRUSTING IN HANDS,HOUSTON,TX,,Trusting Hands Home Health Care LLC,102786782313629,https://www.facebook.com/Trusting-Hands-Home-Health-Care-LLC-102786782313629
1386971299,"ADORE PRIMARY HOME CARE, INC.",PALMVIEW,TX,,Adore Primary Home Care Inc,406403909485653,https://www.facebook.com/Adore-Primary-Home-Care-Inc-406403909485653
1780954099,"AHOY HOME HEALTH CARE, INC.",HOUSTON,TX,,Healthcare Ahoy,1959725050798201,https://www.facebook.com/Healthcare-Ahoy-1959725050798201
1053438812,"ADVANCED CURATIVE SOLUTIONS, INC.",EL PASO,TX,,Creative Curative Solutions,398497723499317,https://www.facebook.com/Creative-Curative-Solutions-398497723499317
1477506038,"AKESO HEALTH SERVICES, LLC",CORPUS CHRISTI,TX,,Akeso Home Health and Hospice,103421001612625,https://www.facebook.com/Akeso-Home-Health-and-Hospice-103421001612625
1275013385,DESTINY'S HOME HEALTH CARE LLC,GARLAND,TX,https://www.destinyshomehealthcare.com,Destinys Door Home Care,103667198875414,https://www.facebook.com/Destinys-Door-Home-Care-103667198875414
1003114588,ADVANCED HOLISTIC HEALTHCARE,HOUSTON,TX,,Advanced Holistic Healthcare,438597229592549,https://www.facebook.com/Advanced-Holistic-Healthcare-438597229592549
1659557759,"ADVANTAGE A PLUS HOME HEALTHCARE, INC",DALLAS,TX,,Advantage Plus Home Health Care,327122750758257,https://www.facebook.com/Advantage-Plus-Home-Health-Care-327122750758257
1538299250,AEGIS HOME HEALTH INC,ROCKWALL,TX,,Aegis Home Health and Hospice,102410015956963,https://www.facebook.com/Aegis-Home-Health-and-Hospice-102410015956963
1205801495,"ADVANTX HOME CARE, INC.",SHERMAN,TX,https://advantxhomecare.com,Advantx Home Health,113650851984218,https://www.facebook.com/Advantx-Home-Health-113650851984218
1609212166,"ADVENTUS HOSPICE, INC.",SAN ANTONIO,TX,,Adventus Medical Care Inc,683950891662178,https://www.facebook.com/Adventus-Medical-Care-Inc-683950891662178
1992918072,"AFFORDABLE ELDER CARE, INC",DALLAS,TX,https://dallashomecare.org/agencies/affordable-elder-care-inc,"Affordable Elder Care, Inc",171162992944518,https://www.facebook.com/Affordable-Elder-Care-Inc-171162992944518
1427328004,AMERICAN MEDICAL HOMECARE ALLIANCE INC.,GILBERT,AZ,,American Medical Home Health Services,179741025392530,https://www.facebook.com/American-Medical-Home-Health-Services-179741025392530
1316127806,ADVANCING AT HOME HEALTH CARE LLC,HENDERSON,TX,,Advancing at home health,1221856931247706,https://www.facebook.com/Advancing-at-home-health-1221856931247706
1780234997,AFTERCARE SOLUTIONS MEDICAL GROUP INC,HOUSTON,TX,,Aftercare Solutions Medical Group,101696612016155,https://www.facebook.com/Aftercare-Solutions-Medical-Group-101696612016155
1326324401,AGAVE HOME HEALTH LLC,ALPINE,TX,,"Agave Home Health, LLC",171360419717462,https://www.facebook.com/Agave-Home-Health-LLC-171360419717462
1700119419,AFS HEALTH SERVICES INC,HOUSTON,TX,,AFS Health Inc,113608713727540,https://www.facebook.com/AFS-Health-Inc-113608713727540
1447718432,AGILE HOME HEALTH SERVICES IN,HOUSTON,TX,,"AGILE HOME HEALTH CARE, INC.",392786760844363,https://www.facebook.com/AGILE-HOME-HEALTH-CARE-INC-392786760844363
1730611781,A TOUCH OF HELPING HANDS INC,TAMPA,FL,,"A Touch Of Helping Hands,Llc",123338857526582,https://www.facebook.com/A-Touch-Of-Helping-HandsLlc-123338857526582
1952557076,AAA BETTER HOME CARE INC,MIAMI,FL,,A Better Home Care,1958687124378884,https://www.facebook.com/A-Better-Home-Care-1958687124378884
1982470480,ADMIRABLE HOME CARE INC,FORT LAUDERDALE,FL,,Admirable Home Care,113866088626310,https://www.facebook.com/Admirable-Home-Care-113866088626310
1851963516,313 ASSOCIATES LLC,HOUSTON,TX,,associates home care,117452021612277,https://www.facebook.com/associates-home-care-117452021612277
1609352970,"AGAPE'S WAY, INC",ORLANDO,FL,https://agapesway.com,AgapesWayInc,377688786300423,https://www.facebook.com/Agapes-Love-Home-Care-377688786300423
1275029134,"ACCURATE CHOICE HEALTHCARE SERVICES, INC",MANSFIELD,TX,https://www.mylivingchoice.com/property/accurate-choice-healthcare-services-inc,mylivingchoice,103460129299227,https://www.facebook.com/Accurate-Healthcare-Services-103460129299227
1285808964,"A & C HOME HEALTH CARE, INC.",MIAMI,FL,,A&C Home Health Care,238647702951070,https://www.facebook.com/AC-Home-Health-Care-238647702951070
1750716585,ADVANCED HEALTH AND PULMONARY SERVICES INC,ST PETERSBURG,FL,,PULMONARY HOME CARE,153202111554665,https://www.facebook.com/PULMONARY-HOME-CARE-153202111554665
1336189166,"ALPHA BRIDGE HOME HEALTH, LLC",LAKELAND,FL,https://www.care.com/b/l/alpha-bridge-home-health-llc/lakeland-fl,caredotcom,117445942970903,https://www.facebook.com/Alpha-Bridge-Home-Health-117445942970903
1578006854,A BETTER LIFE SENIOR CARE LLC,NAPLES,FL,https://www.care.com/b/l/a-better-life-senior-care-llc/naples-fl,caredotcom,111354072225030,https://www.facebook.com/A-Better-Life-Senior-Services-111354072225030
1285310607,A BETTER LIVING HOME HEALTHCARE,ORLANDO,FL,,A Better Living Home Care,101726106312482,https://www.facebook.com/A-Better-Living-Home-Care-101726106312482
1437769387,A CARING HAND HOME HEALTHCARE LIMITED LIABILITY COMPANY,MAITLAND,FL,,A Caring Hand Homehealth Care,776274922740409,https://www.facebook.com/A-Caring-Hand-Homehealth-Care-776274922740409
1528071578,ABC HOME HEALTH CARE,MIAMI,FL,,ABC Home Health Care,754212601258527,https://www.facebook.com/ABC-Home-Health-Care-754212601258527
1871441212,A HAPPY GROUP HOME CORP,HOMESTEAD,FL,https://bisprofiles.com/fl/a-happy-group-home-p11000000747,Happy Group Inc.,194703993892661,https://www.facebook.com/Happy-Group-Inc-194703993892661
1699961235,A PLUS FAMILY HOME HEALTH AGENCY INC.,NORTH MIAMI BEACH,FL,,A Plus Family Health Care Service,568398049905264,https://www.facebook.com/A-Plus-Family-Health-Care-Service-568398049905264
1013188010,"AG HOME HEALTH SERVICES, INC.",MIAMI LAKES,FL,,A&G Home Health Services,453582238090436,https://www.facebook.com/AG-Home-Health-Services-453582238090436
1831038082,DEVOTED FAMILY HOME CARE LLC,PALM SPRINGS,FL,,Devoted Home Care LLC,104719562450551,https://www.facebook.com/Devoted-Home-Care-LLC-104719562450551
1992142228,6 D O F CONSULTANTS,MIRAMAR,FL,,Miramar Consultants Ltd,341647692536582,https://www.facebook.com/Miramar-Consultants-Ltd-341647692536582
1144337577,"ACTIFY HOME CARE, INC",FORT LAUDERDALE,FL,https://actifyhomecare.com/home-care-in-fort-lauderdale,"Actify, Inc.",424198837690131,https://www.facebook.com/Actify-Inc-424198837690131
1538467956,A FAMILY MEMBER HOMECARE HOLDINGS,HOLLYWOOD,FL,,A Family Member Home Care,111789768884466,https://www.facebook.com/A-Family-Member-Home-Care-111789768884466
1417511262,"ABC HOME HEALTH CARE, INC.",NORTH MIAMI BEACH,FL,,ABC Home Health Care,105744016133277,https://www.facebook.com/ABC-Home-Health-Care-105744016133277
1144973256,"ACACIA LIVING, LLC",LAKE WORTH,FL,,Acacia living group,110351874913507,https://www.facebook.com/Acacia-living-group-110351874913507
1043408156,"MECARE HOME HEALTH, INC.",MESQUITE,TX,,Mecare Home Health Inc.,195521710620890,https://www.facebook.com/Mecare-Home-Health-Inc-195521710620890
1679251011,ACCOUNTABLESELF LLC,WINTER GARDEN,FL,,Myaccountableself,105045084658815,https://www.facebook.com/Myaccountableself-105045084658815
1366408932,ADDUS HEALTHCARE INC,DOVER,DE,,"Addus Healthcare, Inc.",109529884559071,https://www.facebook.com/Addus-Healthcare-Inc-109529884559071
1053620260,ACCURATE HEALTH SERVICES CORP,TAMPA,FL,https://accurate.com,Agencia Accurate Health Services Corp,106378730768348,https://www.facebook.com/Agencia-Accurate-Health-Services-Corp-106378730768348
1619120169,ACHIEVING DREAMS CORPORATION,LUTZ,FL,,Achieving Dreams LLC,103302318554451,https://www.facebook.com/Achieving-Dreams-LLC-103302318554451
1477006211,ACTIVE HEALTH SOLUTIONS LLC,AVENTURA,FL,https://activesolutions.com,GetActiveSolutions,106198828464194,https://www.facebook.com/active-home-care-services-inc-106198828464194
1144597022,ACCREDITED HEALTH SERVICES,PERTH AMBOY,NJ,https://accredited.com,Accredited Health Services,115178928543053,https://www.facebook.com/Accredited-Health-Services-115178928543053
1861512204,"ACTELL ELDERLY CARE, INC.",KISSIMMEE,FL,https://www.actellelderlycare.com,Actell Elder Care,575653235809059,https://www.facebook.com/Actell-Elder-Care-575653235809059
1245351444,"ACTELL ELDERLY CARE, INC.",KISSIMMEE,FL,https://www.actellelderlycare.com,Actell Elder Care,575653235809059,https://www.facebook.com/Actell-Elder-Care-575653235809059
1558541144,"ACTIVE HOME HEALTH CARE SERVICES,LLC",WEST PALM BEACH,FL,,"Active Home Care Services, Inc",106198828464194,https://www.facebook.com/active-home-care-services-inc-106198828464194
1245390541,AGRAMONTE HOME CARE CORP,MIAMI,FL,https://www.ahcagramonte.com,Agramonte Home Health,106242347676902,https://www.facebook.com/Agramonte-Home-Health-106242347676902
1922436104,"ABBACARE HOME HEALTH SERVICES, LLC",PHOENIX,AZ,https://abbacare.com,abbacarecenter,1041877845879138,https://www.facebook.com/Abbacare-Home-Health-Services-1041877845879138
1275070963,"ADAMS HOME HEALTH CARE SERVICES, INC.",PORT SAINT LUCIE,FL,,Adams Home Health Care,253047321549080,https://www.facebook.com/Adams-Home-Health-Care-253047321549080
1225201999,ADVANCE HOME CARE SERVICES INC,MIAMI LAKES,FL,,"Advance Home Care Services,Inc.",109765262718329,https://www.facebook.com/Advance-Home-Care-ServicesInc-109765262718329
1891235941,ADVANCE SENIOR CARE ASSISTANTS INC,BOYNTON BEACH,FL,,"Advanced Senior Care, Inc",1564547610444246,https://www.facebook.com/Advanced-Senior-Care-Inc-1564547610444246
1306317235,"AMAZING LIFE MEDICAL SERVICES, LLC",PHOENIX,AZ,https://amazinglife.com,squarespace,1752128008438292,https://www.facebook.com/Amazing-life-medical-service-1752128008438292
1821495839,AMELLO HOME CARE SERVICES LLC,TAMPA,FL,https://www.amellohcs.com,Amello home care,100473388562246,https://www.facebook.com/Amello-home-care-100473388562246
1891934139,"ADVANTAGE PRIVATE NURSING SERVICES OF FL, INC.",FORT MYERS,FL,,Advantage Private Home Care,515152302166361,https://www.facebook.com/Advantage-Private-Home-Care-515152302166361
1184272387,AFFINITY HOME CARE INC.,BOYNTON BEACH,FL,https://www.affinityhomecare.com/contact-us,ahcflorida,186813451174310,https://www.facebook.com/Affinity-Home-Care-Inc-186813451174310
1427003698,"AFFABLE HOME CARE, INC.",PLANTATION,FL,,"Affable Healthcare Services, Inc.",104191361440128,https://www.facebook.com/Affable-Healthcare-Services-Inc-104191361440128
1083778971,"ALL METRO HOME CARE SERVICES OF FLORIDA, INC.",MIAMI,FL,,All metro home care,336084400217868,https://www.facebook.com/All-metro-home-care-336084400217868
1245109412,J&N DEVELOPMENTS,JACKSONVILLE,FL,,LNT Care Developments,103562399155576,https://www.facebook.com/LNT-Care-Developments-103562399155576
1962813527,AG HOME HEALTH SERVICES LLC,ORLANDO,FL,,A&G Home Health Services,453582238090436,https://www.facebook.com/AG-Home-Health-Services-453582238090436
1740447291,"AFTERCARE NURSING SERVICES OF BREVARD, LLC",BAREFOOT BAY,FL,,Aftercare Nursing Services,111934772157570,https://www.facebook.com/Aftercare-Nursing-Services-111934772157570
1437741451,AGAPES WAY 1A INC,ORLANDO,FL,,Agapes Love Home Care,377688786300423,https://www.facebook.com/Agapes-Love-Home-Care-377688786300423
1558357756,"AFTERCARE NURSING SERVICES, INC.",VERO BEACH,FL,,aftercare homecare,197650466993554,https://www.facebook.com/aftercare-homecare-197650466993554
1083206338,AGAPES WAY 2A INC,ORLANDO,FL,,Agapes Love Home Care,377688786300423,https://www.facebook.com/Agapes-Love-Home-Care-377688786300423
1144710179,SWEETHEARTS CARE LLC,TAMARAC,FL,,Sweethearts Care Center,921821064567335,https://www.facebook.com/Sweethearts-Care-Center-921821064567335
1992970347,ACCLAIM HOME HEALTHCARE INC,MIAMI,FL,,Acclaim Home Healthcare,1609521175977537,https://www.facebook.com/Acclaim-Home-Healthcare-1609521175977537
1205661329,"AI HEALTH CARE AND INVESMENT, LLC",ORLANDO,FL,,Near Home Invesment Company,606170462768140,https://www.facebook.com/Near-Home-Invesment-Company-606170462768140
1487215836,AL-SHIFA HOME HEALTH CARE AGENCY LLC,HOUSTON,TX,https://alshifa.com,Kohope-101905692119662,100893275144179,https://www.facebook.com/Al-Shifa-Home-Health-Care-Agency-100893275144179
1285228536,ANGELS AT HEART HOME CARE LLC,PHOENIX,AZ,https://angelsatheart.org,Angels-at-Heart-HomeCare-Unlimited-LLC,389722564230449,https://www.facebook.com/Angels-at-Heart-HomeCare-Unlimited-LLC-389722564230449
1295137362,"ARIZONA SELECT HOME HEALTH, INC.",PEORIA,AZ,https://azshh.com,Select Home Health,132163863476690,https://www.facebook.com/Select-Home-Health-132163863476690
1326619537,PEREZ HEALTH CARE GROUP INC,LEHIGH ACRES,FL,,Perez Healthcare Supplies and Equipment Est.,190783367948004,https://www.facebook.com/Perez-Healthcare-Supplies-and-Equipment-Est-190783367948004
1114279536,"AMERICAN HOME HEALTH SERVICES, INC",MESA,AZ,https://americanhhservicesinc.com,American-Home-Health-Inc,1714478065437868,https://www.facebook.com/American-Home-Health-Inc-1714478065437868
1538710652,SOMY CARE SERVICE CORP,MIAMI,FL,,somy care service corp,228181510671054,https://www.facebook.com/somy-care-service-corp-228181510671054
1073671517,"ALL CARING NURSES, INC.",CLEARWATER,FL,,"Caring nurses, inc",103493318235916,https://www.facebook.com/Caring-nurses-inc-103493318235916
1053505784,"ALL PROFESSIONAL HOME CARE, LLC",WESTON,FL,,All Professional Home Care,1461062644151569,https://www.facebook.com/All-Professional-Home-Care-1461062644151569
1447684055,"ALL SEASONS HOME CARE OF NORTHEAST FLORIDA, LLC",DELTONA,FL,,All Seasons Homecare,337099969766739,https://www.facebook.com/All-Seasons-Homecare-337099969766739
1396039046,"ALPHA ENRICHMENT AGENCY, INC.",CANTONMENT,FL,,Alpha Enrichment House,2100917433558467,https://www.facebook.com/Alpha-Enrichment-House-2100917433558467
1992651954,ALMOST HOME RESIDENTIAL SERVICES INC,TAMPA,FL,,Almost Home Residential Services AHRS,107262752147724,https://www.facebook.com/Almost-Home-Residential-Services-AHRS-107262752147724
1609947845,GOOD NEIGHBOR ASSISTED LIVING SERVICES INC,GOODYEAR,AZ,https://goodneighbor.com,goodneighboramerica,227824714063269,https://www.facebook.com/Good-Neighbor-Assisted-Living-Services-227824714063269
1245532803,"ACTIVA HOME HEALTH CARE, INC.",MESQUITE,TX,,Activa Home-health,107421218933665,https://www.facebook.com/Activa-Home-health-107421218933665
1073241394,INDEPENDENT MENTOR SERVICES LLC,TALLAHASSEE,FL,,Independent Mentor Program,347307332675282,https://www.facebook.com/Independent-Mentor-Program-347307332675282
1205082344,"ALTUS HOME HEALTH SERVICES, LLC.",KEY WEST,FL,,Altus Home Health Services,105544869481035,https://www.facebook.com/Altus-Home-Health-Services-105544869481035
1649591546,"PALOMITAS ""R"" US INC.",LAREDO,TX,,Palomitas R Us Inc,105820122100057,https://www.facebook.com/Palomitas-R-Us-Inc-105820122100057
1558877639,COMBINED HEARTS,OCALA,FL,,Combined hearts with Broken trust,343417446214596,https://www.facebook.com/Combined-hearts-with-Broken-trust-343417446214596
1780856948,ARROWHEAD HOME HEALTH INC.,GLENDALE,AZ,,Arrowhead Home Services llc,100155222176017,https://www.facebook.com/Arrowhead-Home-Services-llc-100155222176017
1881320380,212 THERAPY CLINIC,BEAUMONT,TX,https://212therapy.us,onedegreeofdifference,379109409274840,https://www.facebook.com/Clinic-HOME-379109409274840
1134141088,AHAM ENTERPRISES INC.,HOUSTON,TX,,AHAM Enterprises,188092381044469,https://www.facebook.com/AHAM-Enterprises-188092381044469
1598505745,BRIUT CARE SOLUTIONS LLC,MIAMI,FL,https://www.medicarelist.com/mental-health/briut-care-solutions-llc-miami-fl,Briut Miami Corp,102092864821764,https://www.facebook.com/Briut-Miami-Corp-102092864821764
1073228086,SILVERCARE LLC,SUGAR LAND,TX,,Silvercare,288832225247013,https://www.facebook.com/Silvercare-288832225247013
1366588147,PROCARE HOME CARE AGENCY,PLANO,TX,,Procare home care agency,111000217240365,https://www.facebook.com/Procare-home-care-agency-111000217240365
1780645655,"UNLIMITED HOME CARE, INC.",HOUSTON,TX,https://houstonhomecare.org/agencies/unlimited-home-care-inc,unlimited home care inc.,226166454206537,https://www.facebook.com/unlimited-home-care-inc-226166454206537
1225848229,TSK TACT SELECT KARE HOME CARE SERVICES LLC,FORT WORTH,TX,,Selectcare Home Care,118580238186386,https://www.facebook.com/Selectcare-Home-Care-118580238186386
1700926110,ACCUCARE THERAPY SERVICES PLLC,CYPRESS,TX,,Accucare Physical Therapy & Sports Medicine,203772743293005,https://www.facebook.com/Accucare-Physical-Therapy-Sports-Medicine-203772743293005
1124295225,A CARING SOLUTION HOME HEALTH CARE SERVICES LIMITED LIABILITY COMPANY,COLLEGE STATION,TX,,A Caring Solution Home Health Care Services,232347133583259,https://www.facebook.com/A-Caring-Solution-Home-Health-Care-Services-232347133583259
1972883346,A BLESSED ASSURANCE HOME CARE AGENCY,DALLAS,TX,https://www.care.com/b/l/a-blessed-assurance-home-care-agency/dallas-tx,caredotcom,532183140463857,https://www.facebook.com/Blessed-assurance-home-health-532183140463857
1225564214,AGM HEALTH SERVICES INC.,MIAMI,FL,,"AGM, Health and Laboratory",388728151284338,https://www.facebook.com/AGM-Health-and-Laboratory-388728151284338
1629297775,"ALBERT HOME HEALTH AGENCY, INC",WYLIE,TX,,Albert Home Health Care Agency,436476936453965,https://www.facebook.com/Albert-Home-Health-Care-Agency-436476936453965
1841740032,"ALEGRIA QUALITY CARE, LLC",LAREDO,TX,,"Alegria Quality Care,LLC",563896947305773,https://www.facebook.com/Alegria-Quality-CareLLC-563896947305773
1245504729,ADONAI HELPING HANDS,HOUSTON,TX,,Adonai’s Helping Hands,232436566621998,https://www.facebook.com/Adonais-Helping-Hands-232436566621998
1174638852,"A PINEYWOODS HOME HEALTH CARE, INC.",LUFKIN,TX,https://apineywoods.com,APineywoodsHomeHealthCare,575259242519888,https://www.facebook.com/A-Pineywoods-Home-Health-Care-Inc-575259242519888
1821988155,CHEYENNE TOTAL CARE LLC,PRINCETON,TX,,CNA at Cheyenne Total Care,301558860564196,https://www.facebook.com/CNA-at-Cheyenne-Total-Care-301558860564196
1144235839,A TO Z HOME HEALTHCARE LLC,DALLAS,TX,,A to Z Home Health Care,257512948264663,https://www.facebook.com/A-to-Z-Home-Health-Care-257512948264663
1326155821,"A-PLUS HOME HEALTH CARE, INC.",HOUSTON,TX,https://pharmacygps.com/drugstore/a-plus-home-health-care-inc-1326155821,APLUS HOME Healthcare Solutions,107020817724861,https://www.facebook.com/aplus-home-healthcare-solutions-107020817724861
1346579265,"AGUA CRISTALINA HOME CARE, LLC",HARLINGEN,TX,http://www.aguacristalinahomecare.com,Agua Cristalina Home Care,466097866897839,https://www.facebook.com/Agua-Cristalina-Home-Care-466097866897839
1497831440,"ALEXA HOME HEALTH CARE, INC",MIAMI,FL,,Alexa Home Care Services,100649708887952,https://www.facebook.com/Alexa-Home-Care-Services-100649708887952
1457891814,A.J. PRESTIGE HOME HEALTH CARE LLC.,AUSTIN,TX,,AJ Prestige Home Health,517571322096031,https://www.facebook.com/AJ-Prestige-Home-Health-517571322096031
1841442092,AAA HOME HEALTHCARE INC,DALLAS,TX,,AAA Mainline Home Health Care,751123611925556,https://www.facebook.com/aaa-mainline-home-health-care-751123611925556
1265021224,INNOVATIONS HOME HEALTH LLC,SAN ANTONIO,TX,,Innovations Home Care,392338034225517,https://www.facebook.com/Innovations-Home-Care-392338034225517
1699898346,MED FORCE MEDICAL SERVICES INC.,HOUSTON,TX,https://houstonhomecare.org/agencies/med-force-medical-services-inc,MedForce Medical Services,499986773189626,https://www.facebook.com/MedForce-Medical-Services-499986773189626
1265198014,DUNAMIS CARE HOME AND ASSISTED LIVING LLC,FRISCO,TX,,Dunamis Home Care,482859458557759,https://www.facebook.com/Dunamis-Home-Care-482859458557759
1164291514,"OMNICARE HEALTH SOLUTIONS, LLC",HOUSTON,TX,,"Omnicare of Houston, a CVS Health company",101462176103760,https://www.facebook.com/Omnicare-of-Houston-a-CVS-Health-company-101462176103760
1427145754,"AARON HOME HEALTH CARE SERVICES, INC.",DUNCANVILLE,TX,,Aaron Home Health,508152609273716,https://www.facebook.com/Aaron-Home-Health-508152609273716
1477768521,"AADVANTAGE HEALTH & HOSPICE CARE SYSTEMS, INC.",HOUSTON,TX,,AAdvantage Home Health and Hospice,761113763970198,https://www.facebook.com/AAdvantage-Home-Health-and-Hospice-761113763970198
1003070590,ABACUS HOME HEALTH INC,LEAGUE CITY,TX,,Abacus Home Care,1434532046817002,https://www.facebook.com/Abacus-Home-Care-1434532046817002
1053809459,ST PETER HEALTH CARE LLC,FRISCO,TX,,St. Peter health care center,125476654156011,https://www.facebook.com/St-Peter-health-care-center-125476654156011
1740299817,CENTURY HOME HEALTHCARE SERVICES LLC,RICHARDSON,TX,https://www.centuryhomehealth.com,Century Home Health Agency,587384797966214,https://www.facebook.com/Century-Home-Health-Agency-587384797966214
1962732685,ABEST HEALTH CARE SERVICES INC,SUGAR LAND,TX,,ABEST CARE INC.,180493576188797,https://www.facebook.com/ABEST-CARE-INC-180493576188797
1174556302,"ABIDING HOME HEALTH OF DALLAS, LLC",DALLAS,TX,,Abiding Home Health,110939321733056,https://www.facebook.com/Abiding-Home-Health-110939321733056
1164428702,"ABI CARE HOME HEALTH, LLC",DALLAS,TX,,Abicare Home Health,1742257989247598,https://www.facebook.com/Abicare-Home-Health-1742257989247598
1952282089,ABLECARE HOME HEALTH,WATAUGA,TX,,AbleCare Home Health,1433684893524143,https://www.facebook.com/AbleCare-Home-Health-1433684893524143
1457363251,ABODE HOME HEALTH CARE,MESQUITE,TX,,Abode Home Health Care,745515198841510,https://www.facebook.com/Abode-Home-Health-Care-745515198841510
1720551476,ABOVE AND BEYOND THERAPIES,HUMBLE,TX,https://abovebeyond.org,AboveBeyondTeaching,228712647565925,https://www.facebook.com/Above-and-Beyond-Therapies-228712647565925
1831480482,ABOVE RUBIES HEALTHCARE INCORPORATED,SUGAR LAND,TX,https://aboverubies.org,Rubies Nursing Care,106612391989724,https://www.facebook.com/Rubies-Nursing-Care-106612391989724
1013899327,ABUNDANT HOME CARE SERVICES LLC,HOUSTON,TX,https://abundant.com,Abundant Home care Llc,107035854656287,https://www.facebook.com/Abundant-Home-care-Llc-107035854656287
1780853184,"ACAPPELLA IN HOME CARE, PLLC",DALLAS,TX,,Acappella In Home Care,178649239512223,https://www.facebook.com/Acappella-In-Home-Care-178649239512223
1215817101,PRECIOUS HANDS HOME HEALTH CARE LIMITED LIABILITY COMPANY,DALLAS,TX,https://precioushands.com,DomainMarketCom,111104841983119,https://www.facebook.com/Precious-Hands-HomeCare-LLC-111104841983119
1023654134,"A AND T AZIZ ENTERPRISES, LLC",BATON ROUGE,LA,,Aziz Enterprises,1603621803006191,https://www.facebook.com/Aziz-Enterprises-1603621803006191
1790175594,ACASA PERSONAL IN-HOME CARE SERVICES LLC,EL PASO,TX,,ACASA Personal In-Home Care Services LLC,107013465099774,https://www.facebook.com/ACASA-Personal-In-Home-Care-Services-LLC-107013465099774
1427347301,ACCENTCARE INC,HOUSTON,TX,,"AccentCare, Inc.",455523447900035,https://www.facebook.com/AccentCare-Inc-455523447900035
1336438779,ACCENTCARE INC,AUSTIN,TX,https://careers.accentcare.com/careers-home/jobs/90494?lang=en-us,AccentCareOfficial,289431047595110,https://www.facebook.com/Accentcare-Hospice-and-Palliative-Care-289431047595110
1629334636,AC COMPETENT PROVIDERS INC,CYPRESS,TX,https://accompetentproviders.com,AC Competent Provider inc,208222279376466,https://www.facebook.com/AC-Competent-Provider-inc-208222279376466
1073934691,ACCLAIMED HOME CARE LLC,BEAUMONT,TX,,Acclaimed Home Care,115830865115362,https://www.facebook.com/Acclaimed-Home-Care-115830865115362
1154741072,ACCLAIMED HEALTHCARE SERVICES INC,EAGLE LAKE,TX,,Acclaimed Home Care,115830865115362,https://www.facebook.com/Acclaimed-Home-Care-115830865115362
1316247653,"ACUTECARE HOME HEALTH SERVICES,LLC",FRISCO,TX,,AcuteCare Health System,854431311303317,https://www.facebook.com/AcuteCare-Health-System-854431311303317
1922448950,ACCURATE HEALTHCARE SERVICES INC,HOUSTON,TX,,Accurate Healthcare Services,103460129299227,https://www.facebook.com/Accurate-Healthcare-Services-103460129299227
1184968141,ACHIEVE HOME HEALTH CARE SERVICES LLC,DALLAS,TX,,Achieve Home Health Care,140050652523925,https://www.facebook.com/Achieve-Home-Health-Care-140050652523925
1295953149,ACEA HOME HEALTH LLC.,HENDERSON,TX,,ACEA home health LLC,396048973592237,https://www.facebook.com/ACEA-home-health-LLC-396048973592237
1215129168,ACE PRIMARY HOMECARE INC,PHARR,TX,,Ace Primary Home Care Inc.,646538185370012,https://www.facebook.com/Ace-Primary-Home-Care-Inc-646538185370012
1275899262,AGILE HOME HEALTH SERVICES INC.,HOUSTON,TX,https://houstonhomecare.org/agencies/agile-home-health-services-inc,"AGILE HOME HEALTH CARE, INC.",392786760844363,https://www.facebook.com/AGILE-HOME-HEALTH-CARE-INC-392786760844363
1972212512,AKARI HEALTHCARE LLC.,FULSHEAR,TX,https://houstonhomecare.org/agencies/akari-healthcare-llc,Akari healthcare,116820831289741,https://www.facebook.com/Akari-healthcare-116820831289741
1801034541,ADA HEALTHCARE SERVICES INC,DALLAS,TX,,Ada Healthcare Services,1763235057317333,https://www.facebook.com/Ada-Healthcare-Services-1763235057317333
1811959646,"ACTIVE CARE HOME HEALTH, INC.",KATY,TX,https://houstonhomecare.org/agencies/active-care-home-health-inc,Active Care Home Health,515199865889650,https://www.facebook.com/Active-Care-Home-Health-515199865889650
1285665299,ADALIGHT HOME HEALTH LLC,GARLAND,TX,,Adalight Home Health,102968448959632,https://www.facebook.com/Adalight-Home-Health-102968448959632
1033598685,"A LIFT FOR LIFE OUTREACH CENTER, INC.",DALLAS,TX,,"A Lift for Life Outreach Center, Incorporated",176120612402614,https://www.facebook.com/A-Lift-for-Life-Outreach-Center-Incorporated-176120612402614
1013500974,AGAPES WAY 3A INC,ORLANDO,FL,,Agapes Love Home Care,377688786300423,https://www.facebook.com/Agapes-Love-Home-Care-377688786300423
1184824716,ADEPT CARE HOME HEALTH SERVICES LLC,HOUSTON,TX,,Adept Care Homes,175075919356122,https://www.facebook.com/Adept-Care-Homes-175075919356122
1588724629,"ALLIED HOME HEALTH SERVICES, INC.",MIAMI,FL,,Allied Home Health Services Inc.,206188029885515,https://www.facebook.com/Allied-Home-Health-Services-Inc-206188029885515
1598556540,ADMIRABLE HEALTH SERVICES LLC,FORT WORTH,TX,https://admirablehomehealth.com,Admirable Home Care,113866088626310,https://www.facebook.com/Admirable-Home-Care-113866088626310
1386798205,"ADONAI HOME HEALTHCARE, LLC",KATY,TX,,adonai home health care,281109971940186,https://www.facebook.com/adonai-home-health-care-281109971940186
1467528406,ALANA HOME HEALTH INC,RICHMOND,TX,,Alana Home Health,332605499937226,https://www.facebook.com/Alana-Home-Health-332605499937226
1700292992,A BETTER LIFE HOME HEALTH,TEXAS CITY,TX,https://abetterlife.net,A Better Life Home Healthcare,149939671534333,https://www.facebook.com/A-Better-Life-Home-Healthcare-149939671534333
1235477845,24 HOUR HOME HEALTH LLC,SCOTTSDALE,AZ,,AAA 24 Hour Home Health and Housing,102348165366741,https://www.facebook.com/AAA-24-Hour-Home-Health-and-Housing-102348165366741
1982148987,247 HOME HEALTH CARE ARIZONA LLC,MESA,AZ,,24/7 home health care aid,1430951077168507,https://www.facebook.com/247-home-health-care-aid-1430951077168507
1649517368,A CARING HEART OF ARIZONA LLC,SCOTTSDALE,AZ,,A Caring Heart of Arizona,200298463478339,https://www.facebook.com/A-Caring-Heart-of-Arizona-200298463478339
1427204122,"ACTELL ELDERLY CARE, INC",KISSIMMEE,FL,https://www.actellelderlycare.com,Actell Elderly Care,122600597796245,https://www.facebook.com/actell-elderly-care-122600597796245
1679191779,ALICE PLACE HEALTH CARE SERVICES,GRAND PRAIRIE,TX,,Alice's Place,2332672950111020,https://www.facebook.com/Alices-Place-2332672950111020
1023621745,ACCOUNTABILITY CARE SERVICES LLC,TEMPE,AZ,https://accountability.org,"Accountability, LLC",102374298863930,https://www.facebook.com/Accountability-LLC-102374298863930
1114581386,ABRA HEALTH LLC,GLENDALE,AZ,,ABRA Health LLC,105155411429202,https://www.facebook.com/ABRA-Health-LLC-105155411429202
1568215192,ACCOMPLISHED HOME HEALTH SOLUTIONS LLC,SCOTTSDALE,AZ,,Accomplished Home Care,110263795076667,https://www.facebook.com/Accomplished-Home-Care-110263795076667
1699037697,"ALPHA ALLIED HOME CARE, INC.",JUPITER,FL,https://www.alphaalliedhomecare.com/in-home-health-care,alphaalliedhc,112944674848372,https://www.facebook.com/Alpha-Allied-Home-Care-112944674848372
1447383427,A HEALTHY LIVING HOME HEALTH INC.,DONNA,TX,https://ahealthyliving.com,"A Healthy Living Home Health, Inc.",237766656374681,https://www.facebook.com/A-Healthy-Living-Home-Health-Inc-237766656374681
1376757203,"ADVANCED CARE MANAGEMENT, LLC",MESA,AZ,https://advancedmanagement.org,advancedmanagementusa,763448920432996,https://www.facebook.com/Advanced-Care-Management-763448920432996
1124290978,AFFINITY HOME CARE INC.,POMPANO BEACH,FL,https://affinity.com,"Affinity Home Care, Inc.",186813451174310,https://www.facebook.com/Affinity-Home-Care-Inc-186813451174310
1902048606,ADOBE CASITA HOME CARE LLC,MESA,AZ,,Mi Casita Home Care,354328625551607,https://www.facebook.com/Mi-Casita-Home-Care-354328625551607
1083577043,ALIANZA PERSONAL HOMECARE LLC,EAGLE PASS,TX,,Alianza Personal Care,618345478279824,https://www.facebook.com/Alianza-Personal-Care-618345478279824
1508051434,"AHC HOME HEALTH OF ARIZONA, LLC",MESA,AZ,,AHC Home Health of AZ LLC.,170675150005012,https://www.facebook.com/AHC-Home-Health-of-AZ-LLC-170675150005012
1700956489,"ALARYS HOME HEALTH, INC.",SCOTTSDALE,AZ,,Alarys Home Healthcare,104501908287362,https://www.facebook.com/Alarys-Home-Healthcare-104501908287362
1619761004,ALLIED HEALTHCARE SOLUTIONS LLC,SCOTTSDALE,AZ,https://alliedsolutions.net,AlliedSolutionsLLC,107462998536269,https://www.facebook.com/Allied-Health-Solutions-LLC-107462998536269
1124069422,A-PLUS HOME HEALTH CARE,HOUSTON,TX,,A Plus Home Health Care,107750934823988,https://www.facebook.com/A-Plus-Home-Health-Care-107750934823988
1922948850,AMARA HOME HEALTH LLC,MESA,AZ,https://local.yahoo.com/info-241278840-amara-home-health-llc-mesa/;_ylt=A2RTH0M8,yahoo,144856812037715,https://www.facebook.com/AMARA-Home-Health-Care-LLC-144856812037715
1528139888,"COLONIAL HOME HEALTH, INC.",SAN ANTONIO,TX,https://www.colonialhomehealth.com,Colonial-Home-Health-Inc-2153079028240200,153567184680449,https://www.facebook.com/Colonial-Home-Health-153567184680449
1417239732,"APPLE TREE HOME HEALTH, PLLC",SUN CITY,AZ,https://appletree.net,Appletree Home Health Care,593058554086726,https://www.facebook.com/Appletree-Home-Health-Care-593058554086726
1285927178,APRICUS SPECIALTY NETWORKS LLC,TUCSON,AZ,,"Specialty Networks, LLC",104715927783150,https://www.facebook.com/Specialty-Networks-LLC-104715927783150
1881028223,A CAPPELLA HOME HEALTH AGENCY LLC,GRAND PRAIRIE,TX,,Acappella In Home Care,178649239512223,https://www.facebook.com/Acappella-In-Home-Care-178649239512223
1356181770,ASTER THERAPY AND CARE LLC,SCOTTSDALE,AZ,,"Aster Counseling, LLC",107617384528235,https://www.facebook.com/Aster-Counseling-LLC-107617384528235
1790977627,AFFINITY HEALTH SERVICES,TAMPA,FL,https://affinity.com,Affinity Health Services,1995571464013002,https://www.facebook.com/Affinity-Health-Services-1995571464013002
1992194583,AFFINITY HOME CARE INC.,MIAMI GARDENS,FL,https://affinity.com,Affinity Home Care Inc.,555617864474249,https://www.facebook.com/Affinity-Home-Care-Inc-555617864474249
1568475903,"ACA HOME HEALTH, LLC",MIAMI,FL,https://www.acahomehealth.com,"Aca Home Healthcare LLC 3626 Western Branch Blvd., Portsmouth ...",355191791338992,https://www.facebook.com/Aca-Home-Health-Care-Llc-355191791338992
1942372677,"A NEW HOPE HEALTH CARE, INC.",MISSION,TX,https://anewhopehomehealthcare.org,"New Hope Health Care, Inc.",1415925158627078,https://www.facebook.com/New-Hope-Health-Care-Inc-1415925158627078
1861646713,"ALL COUNTY STAFFING, INC",LAUDERDALE LAKES,FL,https://allcountystaffing.com,All County Staffing Inc,1578111749087446,https://www.facebook.com/All-County-Staffing-Inc-1578111749087446
1295028868,A & T MOORE HEALTH CARE CORPORATION,ARLINGTON,TX,https://downtownarlington.org/go/a-and-t-moore-health-care-corp,ATMooreHealthCare,1379907438907769,https://www.facebook.com/AT-Moore-Health-Care-Corporation-1379907438907769
1255602884,A&D HOME HEALTHCARE SERVICES LLC,HOUSTON,TX,,A & D Home Health,158935017461541,https://www.facebook.com/A-D-Home-Health-158935017461541
1073717336,ISIS AID AGENCY INC.,MIAMI,FL,,Isis Model Agency,120719794628615,https://www.facebook.com/Isis-Model-Agency-120719794628615
1700435039,P&M CARE SOLUTIONS LLC,MIAMI,FL,,P.M. Solutions,102484951435658,https://www.facebook.com/PM-Solutions-102484951435658
1235367798,ALPHA ALLIED HOME CARE INC.,WEST PALM BEACH,FL,https://www.alphaalliedhomecare.com/west-palm-beach,alphaalliedhc,112944674848372,https://www.facebook.com/Alpha-Allied-Home-Care-112944674848372
1710761101,"FERNANDEZ CARE ASSISTANCE, LLC",SAN JUAN,TX,https://fernandezcare.com/contact,Fernandez Care Assistance LLC,756239147761853,https://www.facebook.com/Fernandez-Care-Assistance-LLC-756239147761853
1033122106,"AAA HOME HEALTH SERVICES, INC",MIAMI,FL,https://www.aaahomehealthserv.com,"AAA Home Health Services, Inc.",100063019909778,https://www.facebook.com/AAA-Home-Health-Services-Inc-100063019909778
1689668923,"COMMUNITY OF HELPING ANGELS, INC.",PHOENIX,AZ,,Community of Helping Angels,110421622316161,https://www.facebook.com/Community-of-Helping-Angels-110421622316161
1649668740,ADVOCATE IN-HOME CARE,MIAMI LAKES,FL,https://advocateinhomecare.com/cities/miami-home-care,americaninhomecare,367917069979416,https://www.facebook.com/Advocate-Home-Care-367917069979416
1811980139,"ABIDING HOME HEALTH OF DFW, LLC",AUSTIN,TX,,Abiding Home Health,110939321733056,https://www.facebook.com/Abiding-Home-Health-110939321733056
1073104980,"A & A DEVINE HOME HEALTH, LLC",MELISSA,TX,,Devine Home Health Agency,2105849846387410,https://www.facebook.com/Devine-Home-Health-Agency-2105849846387410
1033644018,AIWC HOME CARE SERVICES,HOUSTON,TX,https://houstonhomecare.org/agencies/aiwc-home-care-services,AIWC Home Care Services,105578112211962,https://www.facebook.com/AIWC-Home-Care-Services-105578112211962
1548689847,"DIVINE HOME HEALTH CARE, LLC",GILBERT,AZ,,Divine Home Care LLC,102990618136984,https://www.facebook.com/Divine-Home-Health-Care-LLC-102990618136984
1306437835,"DO MORE GROUP HOMES, LLC",SURPRISE,AZ,https://domoregrouphomes.com,Do More Group,638918622835229,https://www.facebook.com/Do-More-Group-638918622835229
1790183895,"EMBLEM HEALTHCARE, INC.",TEMPE,AZ,,Emblem Healthcare,899027153451826,https://www.facebook.com/Emblem-Healthcare-899027153451826
1730160094,"DALLAS PHYSICIAN'S CHOICE HOMECARE, LLC.",MESQUITE,TX,,Physicians Choice Home Health Care,204468116386363,https://www.facebook.com/Physicians-Choice-Home-Health-Care-204468116386363
1871533273,"ABASI HOME HEALTHCARE, INC.",DALLAS,TX,,"Abasi Home Healthcare, Inc",213823048950524,https://www.facebook.com/Abasi-Home-Healthcare-Inc-213823048950524
1588340202,GATEWAY HOME HEALTH LLC,MARSHALL,TX,,Gateway Home Health,106062825190624,https://www.facebook.com/Gateway-Home-Health-106062825190624
1962059808,GOOD SAMARITAN HOMES,GILBERT,AZ,https://goodsamaritanhomes.org,Good-Samaritan-Homes,115022758508110,https://www.facebook.com/Good-Samaritan-Homes-115022758508110
1942282355,"GOOD NEIGHBOR ASSISTED LIVING SERVICES, INC.",GOODYEAR,AZ,https://goodneighbor.com,goodneighboramerica,227824714063269,https://www.facebook.com/Good-Neighbor-Assisted-Living-Services-227824714063269
1386160695,HACIENDA HOME HEALTH CARE INC,TUCSON,AZ,,Hacienda Home Health,295598374452223,https://www.facebook.com/Hacienda-Home-Health-295598374452223
1720704190,HAVEN EEOI HOLDINGS LLC,PEORIA,AZ,,Haven EEOI Home Care,183351084854977,https://www.facebook.com/Haven-EEOI-Home-Care-183351084854977
1568963726,JOHNSON HEALTH SERVICES LLC,DALLAS,TX,,Johnson Health Services,121226597618611,https://www.facebook.com/Johnson-Health-Services-121226597618611
1265511380,ABLE HOME HEALTHCARE INC.,CLEBURNE,TX,,Able Home Health Care,227189784134297,https://www.facebook.com/Able-Home-Health-Care-227189784134297
1003057837,BLISS HOME HEALTH CARE INC,PANTEGO,TX,,Bliss Home Health Care,804183976347278,https://www.facebook.com/Bliss-Home-Health-Care-804183976347278
1982430534,"BOSTICK ELDER CARE CONSULTANTS, LLC",HOUSTON,TX,https://houstonhomecare.org/agencies/bostick-elder-care-consultants-llc,Bostick's Residential Care,107527824218322,https://www.facebook.com/Bosticks-Residential-Care-107527824218322
1679668982,AC HEALTH SERVICES INC,HOUSTON,TX,https://houstonhomecare.org/agencies/ac-health-services-inc,A&C Health Services,227175967353655,https://www.facebook.com/AC-Health-Services-227175967353655
1851608558,ABC CARE INC,HOUSTON,TX,,"ABC Care, inc",102682926085509,https://www.facebook.com/ABC-Care-inc-102682926085509
1124716824,TRINITY HOME HEALTH CARE LLC,ORLANDO,FL,,Trinity Home Health Care LLC,716145198856710,https://www.facebook.com/Trinity-Home-Health-Care-LLC-716145198856710
1942190947,ARC REGEN LLC,LAS VEGAS,NV,https://www.medicarelist.com/primary-care/arc-regan-llc-las-vegas-nv,REGEN HOME Woundcare Treatment,110509825063068,https://www.facebook.com/REGEN-HOME-Woundcare-Treatment-110509825063068
1992577571,"ANNIES GENTLE HOME CARE, INC",LIGHTHOUSE POINT,FL,,Annie's Gentle Home Care Inc.,1838303533080187,https://www.facebook.com/Annies-Gentle-Home-Care-Inc-1838303533080187
1194659052,ANDERSON HEALTH SOLUTIONS LLC,QUINCY,FL,,Anderson Health Solutions LLC,105329475002968,https://www.facebook.com/Anderson-Health-Solutions-LLC-105329475002968
1003785817,"ASTON ENTERPRISES, LLC",TAMPA,FL,,ASTON Enterprises Agency,115283326688595,https://www.facebook.com/ASTON-Enterprises-Agency-115283326688595
1225951296,BBS HEAVEN ON EARTH HOME CARE SERVICES LLC,JACKSONVILLE,FL,https://cfva.ai/entity/bbs-heaven-on-earth-home-care-services-llc,BB's Heaven on Earth Home Care,107130999137519,https://www.facebook.com/BBs-Heaven-on-Earth-Home-Care-107130999137519
1154109197,AMARA HOME HEALTH CARE LLC,WASHINGTON,DC,,AMARA Home Health Care LLC,144856812037715,https://www.facebook.com/AMARA-Home-Health-Care-LLC-144856812037715
1043779812,BENI GARDEN HOME HEALTH,ORANGE PARK,FL,,Beni Garden,101822319376084,https://www.facebook.com/Beni-Garden-101822319376084
1235604596,COASTAL CAREGIVERS HOME CARE INC.,LAND O LAKES,FL,https://coastalcaregivers.net,"Coastal Caregivers, LLC",110558530651711,https://www.facebook.com/Coastal-Caregivers-LLC-110558530651711
1821744111,CREATIVE CARE SERVICES INC.,PALM SPRINGS,FL,,"Creative Care Services, Inc.",248254591991948,https://www.facebook.com/Creative-Care-Services-Inc-248254591991948
1861041428,DAVIS FAMILY HOME CARE LLC,TALLAHASSEE,FL,https://www.care.com/b/l/davis-family-home-care-llc/tallahassee-fl,caredotcom,116489231371406,https://www.facebook.com/Davis-Home-care-Services-116489231371406
1912145392,"ACCENTRA HOME HEALTHCARE, LLC",KINGFISHER,OK,,Accentra Home Healthcare,2102041660062106,https://www.facebook.com/accentra-home-healthcare-2102041660062106
1477129682,GENTLE HANDS INC,COCONUT CREEK,FL,https://www.medicarelist.com/mental-health/gifted-minds-aba-services-coconut-cre,Gentle Hands Inc,162269663831671,https://www.facebook.com/Gentle-Hands-Inc-162269663831671
1760502983,ACCREDITED HEALTH SERVICES,SOUTH ORANGE,NJ,https://accredited.com,Accredited Health Services,115178928543053,https://www.facebook.com/Accredited-Health-Services-115178928543053
1861328577,INCLUSIVE CARE LLC,REDDICK,FL,https://inclusive.com,Inclusive Care LLC,372410466894386,https://www.facebook.com/Inclusive-Care-LLC-372410466894386
1558165423,"HUMBLE BEGINNINGS HOME CARE SERVICES, LLC",JACKSONVILLE,FL,,Humble Beginnings Home Care LLC,288565171000712,https://www.facebook.com/Humble-Beginnings-Home-Care-LLC-288565171000712
1235008087,KAY'S KINDEST HOME CAREGIVERS,LEHIGH ACRES,FL,https://kayskindest.wixsite.com/website,Kays-Kindest-Home-Healthcare-104019311461426,104019311461426,https://www.facebook.com/Kays-Kindest-Home-Healthcare-104019311461426
1235971524,INSTITUTE FOR ASPIRE HUMAN DYNAMIC COMMUNITY HEALTHCARE SERVICES,ORLANDO,FL,,Aspire Human Dynamics Care Home,111647834082613,https://www.facebook.com/Aspire-Human-Dynamics-Care-Home-111647834082613
1811760788,IRENES LOVING CARE SERVICE,TALLAHASSEE,FL,,Irenes Home Care,472890419485698,https://www.facebook.com/Irenes-Home-Care-472890419485698
1972159622,"INSPIRE ME PARTNERS, INC.",JACKSONVILLE,FL,,The Inspire Partners,588794201803908,https://www.facebook.com/The-Inspire-Partners-588794201803908
1306439161,"LATINAS SENIOR CARE SERVICES, LLC",TAMPA,FL,,"Latinas Senior Care Services, LLC",100131602385601,https://www.facebook.com/Latinas-Senior-Care-Services-LLC-100131602385601
1417525312,MS PHYLLIS HOME CARE LLC,MONTVERDE,FL,https://msphyllishomecare.com/about-us,Ms Phyllis Homecare LLC,103832019382311,https://www.facebook.com/Ms-Phyllis-Homecare-LLC-103832019382311
1346891348,"LILLIE'S HOUSE OF JOY, LLC",OKEECHOBEE,FL,https://findcontinuingcare.com/home-care/fl/okeechobee/lillies-house-of-joy-h044,Lillies House Of Joy Llc,110036761931180,https://www.facebook.com/Lillies-House-Of-Joy-Llc-110036761931180
1326320623,MILLER HEALTHCARE NETWORK LLC,HOLLYWOOD,FL,,Miller Health Care Center,110555372340285,https://www.facebook.com/Miller-Health-Care-Center-110555372340285
1689541724,MOLINA HOME CARE LLC,NORTH FORT MYERS,FL,,Molina/Home health care,654444727971582,https://www.facebook.com/MolinaHome-health-care-654444727971582
1689981391,MILLER HEALTHCARE NETWORK LLC,HIALEAH,FL,,Miller Health Care Center,110555372340285,https://www.facebook.com/Miller-Health-Care-Center-110555372340285
1720441223,MILLER HEALTHCARE NETWORK LLC,LEHIGH ACRES,FL,,Miller Health Care Center,110555372340285,https://www.facebook.com/Miller-Health-Care-Center-110555372340285
1598536617,"PRECIOUS HEARTS SERVICES, LLC",ORLANDO,FL,,"Precious Hearts, LLC",111975093939160,https://www.facebook.com/Precious-Hearts-LLC-111975093939160
1689381220,GIFTED HANDS HOME CARE SERVICES LLC,DUNDEE,FL,https://local.yahoo.com/info-241683383-gifted-hands-home-care-services-llc-dunde,yahoo,100080276113264,https://www.facebook.com/Gifted-Hands-Homecare-100080276113264
1154931533,OJIWE GENTLECARE OF S. FL LLC.,POMPANO BEACH,FL,https://ojiwegentlecare.com,OJIWE-GentleCare-Agency-1450074315290767,1450074315290767,https://www.facebook.com/OJIWE-GentleCare-Agency-1450074315290767
1467382549,ANGEL ARMS HOMECARE LLC,FORT WORTH,TX,https://pharmacygps.com/dme/angel-arms-homecare-llc-1467382549,Angel Arms Senior Homecare,2615694948456928,https://www.facebook.com/Angel-Arms-Senior-Homecare-2615694948456928
1891642575,RAPHACARE,OCALA,FL,https://raphacares.com/home-care/ocala-fl-34471,Raphacare services,432651706872126,https://www.facebook.com/Raphacare-services-432651706872126
1740933746,PRIME HOME CARE LLC,LAUDERHILL,FL,,"Prime Home Care, LLC",463913357040833,https://www.facebook.com/Prime-Home-Care-LLC-463913357040833
1639047871,"ROYAL OAKS HOME CARE, INC.",BOCA RATON,FL,https://royaloaks.com,RoyalOaksRetirement,2236751433308772,https://www.facebook.com/Royal-Oaks-Home-Care-Inc-2236751433308772
1528102837,"SALVANT HOME CARE AGENCY, INC",ORLANDO,FL,,Salvant Home Care Agency,107383821846446,https://www.facebook.com/Salvant-Home-Care-Agency-107383821846446
1740964774,SALEM HOME HEALTH CARE LLC,JACKSONVILLE,FL,,Salem Home Health,106560907444291,https://www.facebook.com/Salem-Home-Health-106560907444291
1710511787,SUNSHINE SENIORS HELPERS.LLC,TAMPA,FL,https://findcontinuingcare.com/home-care/fl/tampa/sunshine-seniors-helpers-h0588,Sunshine Seniors,108272201080089,https://www.facebook.com/Sunshine-Seniors-108272201080089
1154291995,SURGICAL ADVANCED TECHNOLOGIES CORPORATION,CORAL GABLES,FL,https://www.medicarelist.com/chiropractor/surgical-advanced-technologies-corpora,Resolve Surgical Technologies,104259309130891,https://www.facebook.com/Resolve-Surgical-Technologies-104259309130891
1578499869,SOURCE COMPANION SERIVCE,JACKSONVILLE,FL,,serivce source,148310795222053,https://www.facebook.com/serivce-source-148310795222053
1033037023,TENDER LUV HOME CARE,LEESBURG,FL,,Tender Love home care LLC,716105978562639,https://www.facebook.com/Tender-Love-home-care-LLC-716105978562639
1598456089,TAMMYS HOME & HEALTH CARE LLC,DADE CITY,FL,,Tammys Home Care & Cleaning Solutions Llc,107267938366768,https://www.facebook.com/Tammys-Home-Care-Cleaning-Solutions-Llc-107267938366768
1972668937,SUNRISE PRIMARY CARE SERVICES,GARLAND,TX,https://www.carexroads.com/united-states/garland/home-health-care/sunrise-home-h,carexroads,197121457132950,https://www.facebook.com/Sunrise-Primary-Care-Inc-197121457132950
1932132255,A PINEYWOODS HOME SERVICES,LUFKIN,TX,https://apineywoods.com,APineywoodsHomeHealthCare,100803372901559,https://www.facebook.com/A-Pineywoods-Home-Services-100803372901559
1003238254,"ALDE ENTERPRISES, LLC",SUGAR LAND,TX,https://plansaludfamiliar.com/en/medicos/alde-enterprises-llc-1003238254,Alden Enterprises Inc,519548368132405,https://www.facebook.com/Alden-Enterprises-Inc-519548368132405
1932962354,AJP BENNETT ENTERPRISE LLC,HUMBLE,TX,https://www.medicarelist.com/mental-health/ajp-bennett-enterprise-llc-houston-tx,Ajp Enterprises,968785319923677,https://www.facebook.com/Ajp-Enterprises-968785319923677
1326126319,ACCU CARE HOME HEALTH SERVICE,HOUSTON,TX,,"Accucare Home Health Services, Inc.",131584626863184,https://www.facebook.com/Accucare-Home-Health-Services-Inc-131584626863184
1144557695,A FAMILY MEMBER HOMECARE CORP.,HOLLYWOOD,FL,,A Family Member Home Care,111789768884466,https://www.facebook.com/A-Family-Member-Home-Care-111789768884466
1740523232,"ALWAYS THERE HOME HEALTH CARE, INC.",MARCO ISLAND,FL,,Always There Home Health Care,538695802847089,https://www.facebook.com/Always-There-Home-Health-Care-538695802847089
1528073905,"AMERICAN FAMILY CONNECTIONS, INC",FARMERS BRANCH,TX,https://feedam.org/resource/541388,feedamericaorg,106781081282645,https://www.facebook.com/Connections-Home-Care-106781081282645
1891599569,ALTHA HOME HEALTH LLC,LEAGUE CITY,TX,https://houstonhomecare.org/agencies/altha-home-health-llc,Altha Home Health Inc.,644619652286501,https://www.facebook.com/Altha-Home-Health-Inc-644619652286501
1528381852,ALPHA HOME HEALTH SOLUTIONS LLC,ORLANDO,FL,https://www.alphahomehealthsolutions.com,Alpha Home Health Solutions,112121198149971,https://www.facebook.com/Alpha-Home-Health-Solutions-112121198149971
1609463173,A BETTER TOMORROW THERAPY INC.,PHOENIX,AZ,https://abettertomorrowtherapy.com,A-Better-Tomorrow-Therapy,104903612234128,https://www.facebook.com/A-Better-Tomorrow-Therapy-104903612234128
1780155838,A STRONG TOWER ENTERPRISES LLC,NORTH MIAMI BEACH,FL,,Strong Tower Enterprises LLC,105863074427096,https://www.facebook.com/Strong-Tower-Enterprises-LLC-105863074427096
1407619661,BERLOW FRY INC,AUSTIN,TX,,William R. Berlow Inc.,1666421520253881,https://www.facebook.com/William-R-Berlow-Inc-1666421520253881
1457497232,BLOSSOM GROUPS CORPORATION,DALLAS,TX,https://www.care.com/b/l/blossom-groups-corporation/dallas-tx,caredotcom,731772770909944,https://www.facebook.com/Blossom-Care-Group-731772770909944
1811663677,BIANCA HOME CARE LLC,BALCH SPRINGS,TX,,Bianca Home Care LLC.,100623936384421,https://www.facebook.com/Bianca-Home-Care-LLC-100623936384421
1831713643,"BOSTICK ELDER CARE CONSULTANTS, LLC",HOUSTON,TX,,Bostick's Residential Care,107527824218322,https://www.facebook.com/Bosticks-Residential-Care-107527824218322
1659537348,AGE ADVANTAGE HOME CARE SERVICES,WINTER GARDEN,FL,https://ageadvantage.com,age advantage home care services,158326557699699,https://www.facebook.com/age-advantage-home-care-services-158326557699699
1649549973,"22ND CENTURY HOME HEALTH CARE, INC.,",SUGAR LAND,TX,https://www.whereorg.com/22nd-century-home-health-care-inc-21761663,New Century Home Health Care,168562996491354,https://www.facebook.com/New-Century-Home-Health-Care-168562996491354
1346273950,ABLECARE HOME HEALTH LLC,LONGVIEW,TX,https://www.care.com/b/l/ablecare-home-health-llc/longview-tx,caredotcom,1433684893524143,https://www.facebook.com/AbleCare-Home-Health-1433684893524143
1518112903,"A-1 HOME HEALTH AGENCY,INC",MIAMI,FL,,A-1 Home health Services,160921577447452,https://www.facebook.com/A-1-Home-health-Services-160921577447452
1801816699,"COMPLETE CHOICE CARE, INC",LAREDO,TX,,Complete Choice Care Services.,104733552953128,https://www.facebook.com/Complete-Choice-Care-Services-104733552953128
1861252314,ADORE MEDICALS LLC,HOUSTON,TX,https://consultatlas.org/ai-trust/home-health-aides/adore-medicals-llc-houston-t,consultatlas.org,105510132077116,https://www.facebook.com/AdoreLLC-105510132077116
1487421921,EMC GLOBAL LLC,HOUSTON,TX,,EMC Global Technologies LLC,478706055326542,https://www.facebook.com/EMC-Global-Technologies-LLC-478706055326542
1356386916,"ALL-MED HOME HEALTH, INC.",MIAMI,FL,https://local.yahoo.com/info-221943338-all-med-home-health-inc-miami/;_ylt=A2RTM,yahoo,545280995538140,https://www.facebook.com/ALL-MED-HOME-HEALTH-SERVICESINC-545280995538140
1588713739,"GOSHEN HEALTHCARE SERVICES, LLC",PLANO,TX,,"Goshen HealthCare Services, LLC",248681231833891,https://www.facebook.com/Goshen-HealthCare-Services-LLC-248681231833891
1861249070,HEART TO HART HOME CARE LLC,FORT WORTH,TX,https://dallashomecare.org/agencies/heart-to-hart-home-care-llc,Hart home Care,104326085863702,https://www.facebook.com/Hart-home-Care-104326085863702
1780086629,HEAVEN ON EARTH LLC,HOUSTON,TX,https://www.2findlocal.com/b/13958026/heaven-on-earth-llc-houston-texas,Heaven On Earth LLC,877619079112227,https://www.facebook.com/Heaven-On-Earth-LLC-877619079112227
1457446080,ADEPT ONE HOME HEALTH INC,SAN ANTONIO,TX,https://feedam.org/resource/541955,feedamericaorg,107519062149379,https://www.facebook.com/Adept-Home-Care-107519062149379
1245109602,GRACEVIEW HOME HEALTHCARE LLC,SUNNYVALE,TX,,Graceview Home Inspections,106869012215237,https://www.facebook.com/Graceview-Home-Inspections-106869012215237
1043698533,HOPEWELL HOME HEALTHCARE LLC,HOUSTON,TX,https://houstonhomecare.org/agencies/hopewell-home-healthcare-llc,Hopewell homehealthcare llc,156511817541673,https://www.facebook.com/Hopewell-homehealthcare-llc-156511817541673
1073011516,"LIGHTHOUSE HEALTHCARE SOLUTIONS, LLC",HOUSTON,TX,https://lighthousesolutions.com,Lighthouse Healthcare Services LLC,107403395370994,https://www.facebook.com/Lighthouse-Healthcare-Services-LLC-107403395370994
1760449409,APACHE HEALTHCARE SERVICES INC.,GILBERT,AZ,https://feedam.org/resource/541463,feedamericaorg,107479775048645,https://www.facebook.com/Apache-Services-Inc-107479775048645
1811298524,"MI MARANATHA HOME HEALTH, INC.",MCALLEN,TX,https://www.maranathahc.com,maranathahhi,1648473202070320,https://www.facebook.com/Maranatha-Care-Home-Health-1648473202070320
1912986902,NATIONAL HOME CARE MANAGEMENT,PARIS,TX,,National Management LLC,104116432122276,https://www.facebook.com/National-Management-LLC-104116432122276
1629100482,"NURSECORE MANAGEMENT SERVICES, LLC",FORT WORTH,TX,,NurseCore Management Services LLC,153616458023139,https://www.facebook.com/NurseCore-Management-Services-LLC-153616458023139
1144307562,"HELPING THE AGING, NEEDY AND DISABLED, INC.",AUSTIN,TX,,"Helping the Aging, Needy and Disabled Inc.",210989062397273,https://www.facebook.com/Helping-the-Aging-Needy-and-Disabled-Inc-210989062397273
1902661069,PREMIER HEALTH HOME CARE,DALLAS,TX,,Premier Health Home Care,636716479769340,https://www.facebook.com/Premier-Health-Home-Care-636716479769340
1366077810,BETTER CARE HOMES,RIVERVIEW,FL,,Better Care Homes LLC,120941990943577,https://www.facebook.com/Better-Care-Homes-LLC-120941990943577
1386283430,"ESTRELLA HOME HEALTH CARE 2, INC.",PHOENIX,AZ,https://phoenix-home-care.com/agencies/estrella-home-health-care-2-inc,Estrella home health services,616346791769130,https://www.facebook.com/Estrella-home-health-services-616346791769130
1700144847,PRESTONWOOD HOME HEALTHCARE LLC,GRAND PRAIRIE,TX,,Prestonwood home health care,1608852826033817,https://www.facebook.com/Prestonwood-home-health-care-1608852826033817
1659225456,R & Z ASSOCIATES LLC,HOUSTON,TX,,associates home care,117452021612277,https://www.facebook.com/associates-home-care-117452021612277
1669186276,SACHI HEALTH SERVICES LLC,RICHMOND,TX,,Sachi Health Massage Taytay,1362012693820991,https://www.facebook.com/Sachi-Health-Massage-Taytay-1362012693820991
1033677299,FAMILY EXTENSIONS HOME HEALTH,TUCSON,AZ,https://local.yahoo.com/info-221147996-family-extensions-home-health-tucson/;_yl,yahoo,101947402040378,https://www.facebook.com/Family-Extensions-101947402040378
1922414770,SAVIOR CARE INC,HOUSTON,TX,,Savior Care Home Health Services,110220264692310,https://www.facebook.com/Savior-Care-Home-Health-Services-110220264692310
1407649593,AMANI HOME HEALTH LLC,HOUSTON,TX,https://houstonhomecare.org/agencies/amani-home-health-llc,Amani Home Care LLC,111873957114121,https://www.facebook.com/Amani-Home-Care-LLC-111873957114121
1881168219,THE LAKES STAFFING INC,WESTON,FL,https://thelakeshomecare.com,thelakeshomecare,100383832504356,https://www.facebook.com/The-Lakes-Staffing-100383832504356
1467623298,A-1 HOME HEALTH AGENCY INC,MIAMI,FL,,A-1 Home health Services,160921577447452,https://www.facebook.com/A-1-Home-health-Services-160921577447452
1366293276,"4 EVER CARE HOME HEALTH SERVICES, LLC",ORLANDO,FL,,4 Ever Care,105591332811609,https://www.facebook.com/4-Ever-Care-105591332811609
1477142164,NAZARETH HOME CARE LLC,POMPANO BEACH,FL,,VNA Nazareth Home Care,292931340844675,https://www.facebook.com/VNA-Nazareth-Home-Care-292931340844675
1043305352,"VOLVER A CASA HOME HEALTH SERVICES, INC.",MCALLEN,TX,https://volveracasa-providerservices.com/about-us,"Volver A Casa Home Health Services, INC.",100157632573557,https://www.facebook.com/Volver-A-Casa-Home-Health-Services-INC-100157632573557
1942812425,A CAREFUL HAND,JACKSONVILLE,FL,,A Helping Hand,2035228806727573,https://www.facebook.com/A-Helping-Hand-2035228806727573
1881869915,ABBYS HOME HEALTH AGENCY CORP,MIAMI LAKES,FL,,abbys home care,187111711356229,https://www.facebook.com/abbys-home-care-187111711356229
1386835478,ABRAHAM HOME HEALTH CARE INC,MIAMI,FL,,Abraham home care centre,192328090966267,https://www.facebook.com/Abraham-home-care-centre-192328090966267
1144204470,NURSES UNLIMITED INC,PARIS,TX,,Nurses Unlimited Inc.,160974424106729,https://www.facebook.com/Nurses-Unlimited-Inc-160974424106729
1326406067,UNITED COMMUNITY CORP,MARGATE,FL,,United Community Corp,151513144889740,https://www.facebook.com/United-Community-Corp-151513144889740
1619140647,ALL STAT HOME HEALTH INC,SARASOTA,FL,https://www.allstathomehealth.com,people,657301657622855,https://www.facebook.com/All-Stat-Home-Health-Inc-657301657622855
1225159247,PRECIOUS CARE HOME HEALTH INC,GRAND PRAIRIE,TX,,Precious Care Home Health Care,113729298644286,https://www.facebook.com/Precious-Care-Home-Health-Care-113729298644286
1962715698,"AKT ENTERPRISES, INC.",NOKOMIS,FL,https://sevah.ai/home-care/fl/1962715698/akt-enterprises-inc,AKT Enterprises,618159614871877,https://www.facebook.com/AKT-Enterprises-618159614871877
1861378754,ASSURED HEALTHCARE SERVICES LLC,RICHMOND,TX,https://houstonhomecare.org/agencies/assured-healthcare-services-llc,"Assured Care Health Services, LLC",108639528598768,https://www.facebook.com/assured-care-health-services-llc-108639528598768
1821271024,"ALLCARE HEALTH & HUMAN SERVICES, INC",PORT SAINT LUCIE,FL,,allcare health and human services,1406310619632837,https://www.facebook.com/allcare-health-and-human-services-1406310619632837
1407996267,ALLEN HEALTHCARE INC.,WINTER PARK,FL,,Allen Home Care,164883980972702,https://www.facebook.com/Allen-Home-Care-164883980972702
1124277116,ALOHA HOME HEALTH SERVICES INC,MIAMI,FL,,Aloha Home Health,169084213105786,https://www.facebook.com/Aloha-Home-Health-169084213105786
1245272038,"ABLE PALMS HOME & HEALTH CARE SERVICES, INC.",LARGO,FL,,Able Palms Home Health,687111511311164,https://www.facebook.com/Able-Palms-Home-Health-687111511311164
1346091816,"ADKINS CARE, LLC",CORAL SPRINGS,FL,,Adkins Home Improvements LLC,106429908003079,https://www.facebook.com/Adkins-Home-Improvements-LLC-106429908003079
1093956021,"ALLEANZA HEALTH CARE ASSOCIATES, LLC",MIAMI,FL,,"Alleanza Health Care Associates, LLC",103910815845554,https://www.facebook.com/Alleanza-Health-Care-Associates-LLC-103910815845554
1235626748,"LIGHTHOUSE HEALTHCARE SOLUTIONS, LLC",BELLAIRE,TX,https://lighthousesolutions.com,Lighthouse Healthcare Services LLC,107403395370994,https://www.facebook.com/Lighthouse-Healthcare-Services-LLC-107403395370994
1386527372,RADIANT JOURNEY HEALTHAND MOBILITY HUB,PLANO,TX,https://radiantjourney.com,radiantjourneyjennifer,105671691100471,https://www.facebook.com/radiantjourneyjennifer-105671691100471
1689434953,STREAMNET SERVICES INC.,HOUSTON,TX,https://npi-lookup.org/1689434953-streamnet-services-inc-tx,"StreamNet Co., Ltd",101549841757440,https://www.facebook.com/StreamNet-Co-Ltd-101549841757440
1114552965,DEVOTED HOME CARE AND SUPPORT SERVICES,APOPKA,FL,https://www.medicarelist.com/mental-health/devoted-home-care-and-support-service,"Devoted Home Care Services, LLC",361051203769075,https://www.facebook.com/Devoted-Home-Care-Services-LLC-361051203769075
1306791801,CAREBRIDGE HEALTHCARE & LIVING FACILITY,APOPKA,FL,https://pharmacygps.com/dme/carebridge-healthcare-living-facility-1306791801,Carebridge Assisted Living,161097057424924,https://www.facebook.com/Carebridge-Assisted-Living-161097057424924
1285689018,"ACCUMED HEALTH SERVICES, LLC",CRYSTAL RIVER,FL,,Accumed LLC,454749961387656,https://www.facebook.com/Accumed-LLC-454749961387656
1730954074,HAVEN EEOI HOLDINGS LLC,RICHLAND,WA,,Haven EEOI Home Care,183351084854977,https://www.facebook.com/Haven-EEOI-Home-Care-183351084854977
1134779358,"ADVOCATE HOME HEALTH CARE, INC.",OCALA,FL,https://advocate.com,TheAdvocate,105573873121855,https://www.facebook.com/Advocate-Home-Health-105573873121855
1114666500,GIFTED HANDS HOMECARE AND SERVICES,CHANDLER,AZ,https://giftedhandshomecare.com,Gifted-Hands-Homecare,100080276113264,https://www.facebook.com/Gifted-Hands-Homecare-100080276113264
1013956440,"A. C. & ASSOCIATES, INC.",FORT WAYNE,IN,,associates home care,117452021612277,https://www.facebook.com/associates-home-care-117452021612277
1861493777,"AM STAFF SERVICES, INC.",NORTH MIAMI BEACH,FL,https://fl.allpages.com/north-miami-beach/health-medical/health-and-medical-cent,AllPagescom,507185262704978,https://www.facebook.com/Amstaff-Services-507185262704978
1225735137,"QUALITY HANDS OF SUPPORT CARE SERVICES, LLC",TAMPA,FL,https://local.yahoo.com/info-233290179-quality-hands-of-support-care-services-ll,yahoo,109633591455692,https://www.facebook.com/Quality-Hands-LLC-109633591455692
1366563173,ABEL NURSING AGENCY,PALM BAY,FL,,Abel Insurance Agency Inc,111260142224961,https://www.facebook.com/Abel-Insurance-Agency-Inc-111260142224961
1902431075,REED HEALTHCARE SERVICES,JACKSONVILLE,FL,,"P.Reed Healthcare Consulting Services, LLC",116344503109710,https://www.facebook.com/PReed-Healthcare-Consulting-Services-LLC-116344503109710
1477169233,"ACCENTCARE FAIRVIEW HOME HEALTH - WEST, LLC",SAINT PAUL,MN,,AccentCare Fairview Home Care and Hospice,102343235388997,https://www.facebook.com/AccentCare-Fairview-Home-Care-and-Hospice-102343235388997
1942265640,"1ST CHOICE ENTERPRISES, INC.",COMMERCE,TX,https://www.care.com/b/l/1st-choice-enterprises-inc/commerce-tx,caredotcom,111143951483229,https://www.facebook.com/1st-choice-enterprises-111143951483229
1760196844,1ST AMERICARE LLC,WINTER HAVEN,FL,https://1st-americare.com,1stAmericare,113171404489574,https://www.facebook.com/1st-Americare-LLC-113171404489574
1922318542,"1ST AMERICAN HOME HEALTH SERVICE, INC.",MESQUITE,TX,,1st American Home Health Care Services Inc,115963428432693,https://www.facebook.com/1st-American-Home-Health-Care-Services-Inc-115963428432693
1619109030,"1ST AMERICAN NEW HOPE HOME HEALTH SERVICES, LLC",ROCKWALL,TX,,New Hope Home Health,162278010466784,https://www.facebook.com/New-Hope-Home-Health-162278010466784
1922674381,1ST NOVA HEALTHCARE INC,IRVING,TX,,NOVA Healthcare Inc,867664569930356,https://www.facebook.com/NOVA-Healthcare-Inc-867664569930356
1780723924,"1ST PRUDENTIAL HEALTH CARE SERVICES, INC",ARLINGTON,TX,https://dallashomecare.org/agencies/1st-prudential-health-care-services-inc,TLC and Prudential Health Care,114015568610291,https://www.facebook.com/TLC-and-Prudential-Health-Care-114015568610291
1619994621,1STALL SAINTS HOME HEALTH SERVICES,IRVING,TX,,All Saints Home Health Care,110939678933150,https://www.facebook.com/All-Saints-Home-Health-Care-110939678933150
1821329160,A CARING SOLUTION HOME CARE,PEORIA,AZ,https://acaringsolution.com,A-Caring-Solution-Home-Care,341831755951263,https://www.facebook.com/A-Caring-Solution-Home-Care-341831755951263
1437527835,"ABODE HOME HEALTH ARIZONA, LLC",PHOENIX,AZ,,Abode Home Health,648021945361097,https://www.facebook.com/Abode-Home-Health-648021945361097
1508720392,ALEGRIA HOME CARE AZ,PHOENIX,AZ,,Alegria home health care,107123161764845,https://www.facebook.com/Alegria-home-health-care-107123161764845
1326462888,"ALL AT HOME CARE SOLUTIONS, LLC",PHOENIX,AZ,,At Home Care Solutions,107034781534165,https://www.facebook.com/At-Home-Care-Solutions-107034781534165
1194535229,ANOTHER DAWN LLC,PHOENIX,AZ,,"New Dawn, LLC",114065628606446,https://www.facebook.com/New-Dawn-LLC-114065628606446
1285771469,"ANGEL CARE HEALTH SERVICES, INC.",CASA GRANDE,AZ,https://www.angelscarehealth.com/location/casa-grande-az,AngelsCareHH,119083528810660,https://www.facebook.com/Angel-Care-Health-119083528810660
1730279084,"APOLLO HOME CARE, INC.",MESA,AZ,,Apollo-home-care,330126071262866,https://www.facebook.com/Apollo-home-care-330126071262866
1508313255,"ASSISTED HOME RECOVERY, INC.",PHOENIX,AZ,,Assisted-Home-Recovery,1229350040428511,https://www.facebook.com/Assisted-Home-Recovery-1229350040428511
1710642228,ATLANTIC CARE SERVICES SCOTTSDALE LLC,PHOENIX,AZ,,Atlantic Care Services,100304611762532,https://www.facebook.com/Atlantic-Care-Services-100304611762532
1134578602,"AVID HOME CARE, LLC",TUCSON,AZ,,Avid-Home-Care-LLC,144881572847101,https://www.facebook.com/Avid-Home-Care-LLC-144881572847101
1114794831,BEULAH INTEGRATED HOME HEALTH CARE LLC,PHOENIX,AZ,,BEULAH INTEGRATED SERVICES,1429253590623378,https://www.facebook.com/BEULAH-INTEGRATED-SERVICES-1429253590623378
1215110291,BRIGHTSTAR HEALTHCARE,MESA,AZ,https://digital.brightstarcare.com/locations/gilbert-mesa/in-home-care,Brightstar-Healthcare-Tampa,295355103940776,https://www.facebook.com/Brightstar-Healthcare-Tampa-295355103940776
1366968521,"CARE LINE, LLC",LAVEEN,AZ,,Careline-Cosmetics-Care-Llc,385003174699338,https://www.facebook.com/Careline-Cosmetics-Care-Llc-385003174699338
1891459947,CARE FOREVER LLC,PHOENIX,AZ,,Care Forever Inc.,197038286824651,https://www.facebook.com/Care-Forever-Inc-197038286824651
1821269572,CARMO HOME HEALTH CARE,PHOENIX,AZ,,Samara Carmo Home Care,318247524708621,https://www.facebook.com/Samara-Carmo-Home-Care-318247524708621
1336267129,CHAR-LEE CORPORATION DBA,PHOENIX,AZ,,Charlee-Corporation,186118498681682,https://www.facebook.com/Charlee-Corporation-186118498681682
1306159017,CHRISTIAN CARE NURSING CENTER INC.,PHOENIX,AZ,https://christiannursing.com,DomainMarketCom,146274658916435,https://www.facebook.com/Christian-Care-Nursing-Center-146274658916435
1508441932,"CJPS HOME CARE, LLC",SCOTTSDALE,AZ,,Cjps-Home-Care-Llc,100978302410564,https://www.facebook.com/Cjps-Home-Care-Llc-100978302410564
1730834656,"DEPENDABLE NURSES, INC.",PHOENIX,AZ,https://dependablenurses.com,DomainMarketCom,189438627848053,https://www.facebook.com/DEPENDABLE-NURSES-INC-189438627848053
1619834454,DIAMONDS HEALTHCARE INC,TUCSON,AZ,,Diamonds-Home-Health-Care-Inc,113621051527903,https://www.facebook.com/Diamonds-Home-Health-Care-Inc-113621051527903
1457998957,"DEVOTION HOME HEALTH CARE, LLC",PHOENIX,AZ,https://www.devotionhomehealth.com,Devotion Home Care,107311891989385,https://www.facebook.com/Devotion-Home-Care-107311891989385
1366333742,ELDORADO CARE LLC,GILBERT,AZ,https://eldorado.net,Eldorado-care-and-rehabilitation,215893394943907,https://www.facebook.com/Eldorado-care-and-rehabilitation-215893394943907
1801523105,GENUCARE HOME HEALTH LLC,PHOENIX,AZ,https://phoenix-home-care.com/agencies/genucare-home-health-llc,GenuCare,102746358798024,https://www.facebook.com/GenuCare-102746358798024
1083199806,"GRAND DESERT HOME HEALTH, LLC",PHOENIX,AZ,,Desert Home Health Services,106087201531399,https://www.facebook.com/Desert-Home-Health-Services-106087201531399
1962552547,"HEARTLAND THERAPY, INC.",MESA,AZ,https://heartlandtherapy.org,squarespace,354880014644854,https://www.facebook.com/Heartland-Therapy-inc-354880014644854
1477547123,"HOME HEALTH RESOURCES, LLC",PHOENIX,AZ,https://resources.org,resourcesmag,584309401689846,https://www.facebook.com/Home-Health-Resources-Inc-584309401689846
1124610092,123 BUTTERFLY EFFECTS L.L.C,JACKSONVILLE,FL,,Butterfly Effects LLC,102333421741370,https://www.facebook.com/Butterfly-Effects-LLC-102333421741370
1407369473,A1 HOME HEALTH,PHOENIX,AZ,,A-1-Home-Health-Care,169237343575415,https://www.facebook.com/A-1-Home-Health-Care-169237343575415
1134332182,"CARE GIVERS OF ARIZONA, INC.",PHOENIX,AZ,https://caregiver-aid.com/care-service/united-states/arizona/phoenix/home-health,Care-Givers-of-Arizona,116168165109035,https://www.facebook.com/Care-Givers-of-Arizona-116168165109035
1578780649,"ALL N ONE HOME HEALTH AGENCY, LLC",PHOENIX,AZ,,One-Home-Health-Agency,515405568543834,https://www.facebook.com/One-Home-Health-Agency-515405568543834
1831278688,ALL VALLEY HOME HEALTH CARE & NURSING INC,PHOENIX,AZ,,All-Valley-Home-Health-Care-and-Nursing,331885853622228,https://www.facebook.com/All-Valley-Home-Health-Care-and-Nursing-331885853622228
1659510576,APRIA HEALTH CARE,TEMPE,AZ,,Apria-Health-Care,594338717289423,https://www.facebook.com/Apria-Health-Care-594338717289423
1508250887,BEST CARE HOME SERVICES,PHOENIX,AZ,,Best-care-home-services,113671637134494,https://www.facebook.com/Best-care-home-services-113671637134494
1851829899,INSPIRE HOME HEALTH AGENCY LLC,PHOENIX,AZ,,Inspire-Home-Health-Agency-LLC,1989569801305878,https://www.facebook.com/Inspire-Home-Health-Agency-LLC-1989569801305878
1861606923,HOME & COMMUNITY BASED SERVICES INC,PHOENIX,AZ,https://www.whereorg.com/home-and-community-based-services-inc-25221287,Home-Community-Base-Services-Provider-Inc,382629242261803,https://www.facebook.com/Home-Community-Base-Services-Provider-Inc-382629242261803
1689902520,HOME HEALTH SPECIALISTS INC.,PHOENIX,AZ,https://hospice.io/hospice/home-health-specialists-inc-phoenix-az,Home-Health-Specialists-Inc,544922782248190,https://www.facebook.com/Home-Health-Specialists-Inc-544922782248190
1265733794,"ADVANCED THERAPY ASSOCIATES, INC.",YUMA,AZ,https://advancedtherapy.net,AdvancedTherapySolutionsLLC,558858014167988,https://www.facebook.com/Advanced-Therapy-Associates-558858014167988
1154100279,A NEW HORIZON LLC,GILBERT,AZ,,A-new-HorizonLLC,499153536835113,https://www.facebook.com/A-new-HorizonLLC-499153536835113
1477328052,AMERICAS BEST CARE HEALTHCARE AGENCY INC,CASA GRANDE,AZ,,Americas-Best-Care-Inc,627353220630006,https://www.facebook.com/Americas-Best-Care-Inc-627353220630006
1356715114,ARCH HOME HEALTH CARE LLC,SCOTTSDALE,AZ,,America-Arch-Home-health-and-care,189238555886327,https://www.facebook.com/America-Arch-Home-health-and-care-189238555886327
1568717502,ARROWHEAD HOME HEALTH INC II,SUN CITY,AZ,,Arrowhead-Home-Services-llc,100155222176017,https://www.facebook.com/Arrowhead-Home-Services-llc-100155222176017
1659309219,AT HOME CARE INC.,MESA,AZ,,At-Home-Care-Inc,100669825118639,https://www.facebook.com/At-Home-Care-Inc-100669825118639
1376782987,"BEECH HOME CARE & MEDICAL, INC.",SUN CITY WEST,AZ,,Beech-Home-Care,378741188919630,https://www.facebook.com/Beech-Home-Care-378741188919630
1780437673,ABILITY HOME CARE LLC,PHOENIX,AZ,,Ability-Home-Care-LLC,852793998237534,https://www.facebook.com/Ability-Home-Care-LLC-852793998237534
1952986317,"FAMILY HOME CARE, INC",TEMPE,AZ,,Family-Home-Care-Inc,109796538502379,https://www.facebook.com/Family-Home-Care-Inc-109796538502379
1356603526,FSL PROGRAMS,PHOENIX,AZ,,Former-FSL-Programs-Coordinator-at-YDN,103907372339703,https://www.facebook.com/Former-FSL-Programs-Coordinator-at-YDN-103907372339703
1851099485,BROTHERS ASISSTED LIVING HOME LLC,CHANDLER,AZ,,Asissted-LivingHome-Health-Care,653841277974271,https://www.facebook.com/Asissted-LivingHome-Health-Care-653841277974271
1366037269,"BECKY HOME HEALTH SERVICES, LLC",PHOENIX,AZ,https://phoenix-home-care.com/agencies/becky-home-health-services-llc,Becky-Home-Health-Care-llc,112794061668355,https://www.facebook.com/Becky-Home-Health-Care-llc-112794061668355
1639511728,CHRISTIAN CARE NURSING CENTER INC.,TUCSON,AZ,https://christiannursing.com,DomainMarketCom,146274658916435,https://www.facebook.com/Christian-Care-Nursing-Center-146274658916435
1346965100,"COMMUNITY CARE SERVICES,LLC",SURPRISE,AZ,https://community.com,incommunity,103067738781470,https://www.facebook.com/Community-care-services-LLC-103067738781470
1619178993,"DEPENDABLE NURSES, INC.",TUCSON,AZ,https://dependablenurses.com,DomainMarketCom,189438627848053,https://www.facebook.com/DEPENDABLE-NURSES-INC-189438627848053
1821502956,GREAT THINKER'S HOME CARE LLC,MESA,AZ,http://www.greatthinkershomecare.com,Great-Thinkers-Home-Care,2294221204170035,https://www.facebook.com/Great-Thinkers-Home-Care-2294221204170035
1881826766,"GRACE HOME HEALTH CARE, LLC",MESA,AZ,https://www.gracehomehealth.org,caretransitionatgrace,100121618535001,https://www.facebook.com/Grace-Home-Health-Care-LLC-100121618535001
1871860171,ARIZONA HOME CARE LLC,TUCSON,AZ,https://www.azhomecare.com,Arizona-Home-Care,135614513154046,https://www.facebook.com/Arizona-Home-Care-135614513154046
1306676598,BUTTERFLY PROVIDERS LLC,AVONDALE,AZ,https://butterflyproviders.com,Butterfly-Enterprises-LLC,105904141127507,https://www.facebook.com/Butterfly-Enterprises-LLC-105904141127507
1073382362,CLOSE TO HOME LLC,GLENDALE,AZ,https://hospice.io/hospice/close-to-home-llc-glendale-az,Close-To-Home-LLC,608192759223645,https://www.facebook.com/Close-To-Home-LLC-608192759223645
1689196206,ACCESS HEALTH SERVICES LLC,PHOENIX,AZ,,Access-Health-Services-LLC,100235992798365,https://www.facebook.com/Access-Health-Services-LLC-100235992798365
1639264104,"ADVANTAGE HOME HEALTH CARE, LLC",SURPRISE,AZ,,Advantage-Home-Health-Care-LLC,450501978813462,https://www.facebook.com/Advantage-Home-Health-Care-LLC-450501978813462
1063080984,ARCH HOME HEALTH LLC,PHOENIX,AZ,,America-Arch-Home-health-and-care,189238555886327,https://www.facebook.com/America-Arch-Home-health-and-care-189238555886327
1972258853,ARROW HOMECARE LLC,PHOENIX,AZ,,arrow-homecare,129285150472736,https://www.facebook.com/arrow-homecare-129285150472736
1386854370,ARIZONA CONSUMER DIRECT PERSONAL CARE,TUCSON,AZ,,Arizona-Consumer-Direct-Personal-Care,149694915397627,https://www.facebook.com/Arizona-Consumer-Direct-Personal-Care-149694915397627
1932607116,CARE & COMPASSION HOME HEALTH,PHOENIX,AZ,,care-compassion-home-healthcare-llc,106166011459540,https://www.facebook.com/care-compassion-home-healthcare-llc-106166011459540
1649511056,COVENANT CONSUMER DIRECT,PHOENIX,AZ,,Covenant-Consumer-Direct,1848669755447453,https://www.facebook.com/Covenant-Consumer-Direct-1848669755447453
1780551788,DESTINY HANDS HOME CARE LLC,PHOENIX,AZ,,Destinys-Caring-Hands-LLC,109898547834201,https://www.facebook.com/Destinys-Caring-Hands-LLC-109898547834201
1801202031,"ARIZONA THERAPY SQUAD, LLC",GLENDALE,AZ,,Arizona-Therapy-Squad-LLC,579311705553384,https://www.facebook.com/Arizona-Therapy-Squad-LLC-579311705553384
1215291349,"AVANZAR HOME HEALTH CARE, LLC",MESA,AZ,,Avanzar-Home-Health-Care-LLC,452498088196110,https://www.facebook.com/Avanzar-Home-Health-Care-LLC-452498088196110
1497003537,"AVOCARE HOME HEALTH PLUS, INC",GOODYEAR,AZ,,Advantage-Home-Health-Plus-Inc,509955602423803,https://www.facebook.com/Advantage-Home-Health-Plus-Inc-509955602423803
1356792592,BALDWIN CARE LLC,FOUNTAIN HILLS,AZ,,Baldwin-Care-Center,101354749256881,https://www.facebook.com/Baldwin-Care-Center-101354749256881
1831373893,BECKY HOME HEALTH CARE LLC,PHOENIX,AZ,,Becky-Home-Health-Care-llc,112794061668355,https://www.facebook.com/Becky-Home-Health-Care-llc-112794061668355
1215350038,"COMPANION HOME HEALTH OF MARICOPA, LLC",MESA,AZ,,Companion-Home-Health,1827470057361568,https://www.facebook.com/Companion-Home-Health-1827470057361568
1598568529,ADVACARE HOMECARE LLC,PHOENIX,AZ,https://aznha.org/advacare-homecare-llc,AZNHA.org,106558511423369,https://www.facebook.com/AdvaCare-Home-Services-106558511423369
1255576435,BLUE THUMB SERVICES LLC,PHOENIX,AZ,https://bluethumb.net,bluethumbinc,520615234689103,https://www.facebook.com/Blue-Thumb-Services-LLC-520615234689103
1811102668,"CHILD & FAMILY RESOURCES, INC.",NOGALES,AZ,https://childfamilyresources.org,ChildFamilyResources,241028809285144,https://www.facebook.com/Child-Family-Resources-241028809285144
1962000877,ABSOLUTELY ABLE HOME CARE OF SCOTTSDALE INC.,SCOTTSDALE,AZ,https://arizonainhomecare.com,Absolutely-Able-Home-Care-493778690997009,493778690997009,https://www.facebook.com/absolutely-able-home-care-493778690997009
1982397865,DAYSPRING HEALTHCARE SERVICES LLC,TOLLESON,AZ,,Dayspring-Healthcare-Services,1608394592758799,https://www.facebook.com/Dayspring-Healthcare-Services-1608394592758799
1891651956,BLOSSOMING HEARTS HOME CARE,PHOENIX,AZ,https://hospice.io/hospice/blossoming-hearts-home-care-phoenix-az,Blossoming Hearts Care Agency LTD,105004367858442,https://www.facebook.com/Blossoming-Hearts-Care-Agency-LTD-105004367858442
1972955060,EMERALD HEALTHCARE INC.,TUCSON,AZ,https://feedam.org/resource/549470,feedamericaorg,109974682357948,https://www.facebook.com/Emerald-Health-Care-Services-Inc-109974682357948
1104259290,DEPENDABLE NURSES,PHOENIX,AZ,https://dependablenurses.com,DomainMarketCom,189438627848053,https://www.facebook.com/DEPENDABLE-NURSES-INC-189438627848053
1851792808,"GRAND CANYON HOME HEALTH CARE, INC.",PHOENIX,AZ,https://grandcanyon.org,grandcanyonconservancy,107107821588216,https://www.facebook.com/Grand-Canyon-Home-Health-Care-107107821588216
1497990634,FOUNTAIN HOME HEALTH INC,PHOENIX,AZ,https://fountain.com,fountainapp,167537649928663,https://www.facebook.com/Fountain-Home-Health-Care-167537649928663
1144332107,HIGH COUNTRY EARLY INTERVENTION INC,PRESCOTT,AZ,https://highcountry.com,highcountryfurnitureanddesign,233425406834145,https://www.facebook.com/High-Country-Early-Intervention-233425406834145
1114237443,DIAMOND CANYON HOME HEALTH CARE LLC,SCOTTSDALE,AZ,https://diamondcanyon.com,DomainMarketCom,109590137848598,https://www.facebook.com/Canyon-Home-Health-109590137848598
1235294281,FSL PROGRAMS,PHOENIX,AZ,,Former FSL Programs Coordinator at YDN,103907372339703,https://www.facebook.com/Former-FSL-Programs-Coordinator-at-YDN-103907372339703
1427215672,1ST ACCURATE HOME HEALTHCARE CORPORATION,HOUSTON,TX,http://www.1staccuratehomehealthservice.com/brochure,1st Accurate Home Healthcare C,166673776677548,https://www.facebook.com/1st-Accurate-Home-Healthcare-C-166673776677548
1154460301,1ST MELLINIUM HOME HEALTH SERVICES INC,DALLAS,TX,,"1st Mellinium Home Health Services, Inc",560728684023425,https://www.facebook.com/1st-Mellinium-Home-Health-Services-Inc-560728684023425
1891006029,DIVINE FAVOUR HEALTH SERVICES LLC,PHOENIX,AZ,https://divinefavourhealthservices.com/home-health-care-contact-us,Divine favour health care services,182155518603279,https://www.facebook.com/Divine-favour-health-care-services-182155518603279
1982259370,1ST CLASS CARE INC.,OCOEE,FL,,1ST Class Care Agency,113426011803747,https://www.facebook.com/1ST-Class-Care-Agency-113426011803747
1225094014,"ACCENTRA HOME HEALTHCARE, LLC",KINGFISHER,OK,,Accentra Home Healthcare,1953865054657511,https://www.facebook.com/Accentra-Home-Healthcare-1953865054657511
1184648842,"1ST TRINITY HOME HEALTH CARE, INC.",HOUSTON,TX,https://www.care.com/b/l/1st-trinity-home-health-care-inc/houston-tx,caredotcom,2082406752037179,https://www.facebook.com/First-Trinity-Home-Health-Care-2082406752037179
1144490855,"""A"" CLASS HOME HEALTH AGENCY, INC.",OAKLAND PARK,FL,,"Class Home Health, Inc.",406998039401079,https://www.facebook.com/Class-Home-Health-Inc-406998039401079
1912428681,ACCREDITED HEALTH SERVICES,PASSAIC,NJ,https://accredited.com,Accredited Health Services,115178928543053,https://www.facebook.com/Accredited-Health-Services-115178928543053
1992837173,ACCREDITED HEALTH SERVICES,PASSAIC,NJ,https://accredited.com,Accredited Health Services,115178928543053,https://www.facebook.com/Accredited-Health-Services-115178928543053
1477368595,"ABILITY HOME CARE, LLC",JACKSON,MS,,Ability Home Care. LLC,852793998237534,https://www.facebook.com/Ability-Home-Care-LLC-852793998237534
1043846413,"PM CONNECTIONS, LLC",RICHMOND,VA,,Connections Home Care,106781081282645,https://www.facebook.com/Connections-Home-Care-106781081282645
1063119154,HAVEN EEOI HOLDINGS LLC,KINGSTON,TN,,Haven EEOI Home Care,183351084854977,https://www.facebook.com/Haven-EEOI-Home-Care-183351084854977
1790530368,"HAVEN EEOI HOLDINGS, LLC",FARMINGTON,NM,,Haven EEOI Home Care,183351084854977,https://www.facebook.com/Haven-EEOI-Home-Care-183351084854977
1740692748,INSTITUTE FOR ASPIRE HUMAN DYNAMIC COMMUNITY HEALTHCARE SERVICES,LARAMIE,WY,,Aspire Human Dynamics Care Home,111647834082613,https://www.facebook.com/Aspire-Human-Dynamics-Care-Home-111647834082613
1891232104,KAMKADE ENTERPRISES LLC,FLOWOOD,MS,,Kamkade Construction,102305948248633,https://www.facebook.com/Kamkade-Construction-102305948248633
1922052000,"ACCUMED HEALTH SERVICES, LP",PACE,FL,,"AccuMed Diagnostic and Health Services, Inc.",585867848445574,https://www.facebook.com/AccuMed-Diagnostic-and-Health-Services-Inc-585867848445574
1912028473,"ACTELL ELDERLY CARE, INC.",KISSIMMEE,FL,https://www.actellelderlycare.com/home-health-care-services,Actell Elderly Care,122600597796245,https://www.facebook.com/actell-elderly-care-122600597796245
1497162630,365CARE HOME HEALTH LLC,GROVES,TX,,365Care Home Health LLC.,198250030639483,https://www.facebook.com/365Care-Home-Health-LLC-198250030639483
1932107786,LIPET HOME CARE INC,ARLINGTON,TX,,"Lipet Home Care, Inc",519815065030333,https://www.facebook.com/lipet-home-care-inc-519815065030333
1568338036,ABSOLUTELY ABLE HOME CARE AND HOME HEALTH OF SCOTTSDALE INC,SCOTTSDALE,AZ,,Absolutely Able Home Care of Scottsdale,493778690997009,https://www.facebook.com/absolutely-able-home-care-493778690997009
1669886040,CKD HOSPICE & PALLIATIVE CARE INC,MANSFIELD,TX,,CKD Hospice & Palliative Care,113250767129885,https://www.facebook.com/CKD-Hospice-Palliative-Care-113250767129885
1386171486,CROSSWIRES ELECTRIC,PASADENA,TX,,Cross Wires Electric,1743427832544993,https://www.facebook.com/Cross-Wires-Electric-1743427832544993
1205903044,"A HOME CARE SERVICE OF PALM BEACH COUNTY, CORP",LAKE WORTH,FL,,A Home Care Service of Palm Beach County,162283463796819,https://www.facebook.com/A-Home-Care-Service-of-Palm-Beach-County-162283463796819
1457823189,ALL FOR ELDERS,GAINESVILLE,FL,https://findcontinuingcare.com/home-care/fl/gainesville/all-for-elders-h00348,Elders Home Care Centre,1380474445540137,https://www.facebook.com/Elders-Home-Care-Centre-1380474445540137
1154107886,"NW ARKANSAS CAREGIVING, LLC",LOWELL,AR,,FirstLight Home Care of Northwest Arkansas,2145141485722118,https://www.facebook.com/FirstLight-Home-Care-of-Northwest-Arkansas-2145141485722118
1871941633,ROBINSON TENDER TOUCH HOME CARE,ORLANDO,FL,https://www.seniorcommunitystars.com/community/304116,seniorcommunitystars,1475589669388285,https://www.facebook.com/Robinson-Tender-Touch-Home-Care-1475589669388285
1134930282,ARKANSAS CAREGIVING SOLUTIONS INC,LITTLE ROCK,AR,https://arcaregivingsolutions.com/contact-us,FirstLight Home Care of Northwest Arkansas,2145141485722118,https://www.facebook.com/FirstLight-Home-Care-of-Northwest-Arkansas-2145141485722118
1184343287,INSPIRATION OF THE VALLEY LLC,PHOENIX,AZ,https://www.inspirationaz.com,Inspiration-of-The-Valley-LLC-101312414732721,101312414732721,https://www.facebook.com/inspiration-of-the-valley-llc-101312414732721
1619115896,"ACCENTRA HOME HEALTHCARE, LLC",KINGFISHER,OK,,Accentra Home Healthcare,2102041660062106,https://www.facebook.com/accentra-home-healthcare-2102041660062106
1902044258,"ASSURANCE HOME CARE, INC.",TUCSON,AZ,,Assurance Home Care,109993065372177,https://www.facebook.com/Assurance-Home-Care-109993065372177
