npi,muse_fb_page,muse_fb_page_id,muse_fb_page_url,muse_fb_confidence,muse_ad_status,muse_ad_notes
1427328004,American Medical Home Health Services,100058971921967,https://www.facebook.com/people/American-Medical-Home-Health-Services/100058971921967/,medium,NO_ADS,Provided page ID redirected to canonical page with matching name; city could not be verified (login wall). No active or inactive ads for exact page name.
1316127806,Advancing at home health,1221856931247706,https://www.facebook.com/pages/Advancing%20at%20home%20health/1221856931247706/,high,NO_ADS,Page ID and name match. No active or inactive ads for exact page name.
1780234997,Aftercare Solutions Medical Group,101696612016155,https://www.facebook.com/pages/Aftercare%20Solutions%20Medical%20Group/101696612016155/,high,NO_ADS,Page ID and name match. No active or inactive ads for exact page name.
1326324401,"Agave Home Health, LLC",171360419717462,"https://www.facebook.com/pages/Agave%20Home%20Health,%20LLC/171360419717462/",high,NO_ADS,Page ID and name match. No active or inactive ads for exact page name.
1700119419,AFS Health Inc,100069745653577,https://www.facebook.com/people/AFS-Health-Inc/100069745653577/,medium,NO_ADS,Provided page ID redirected to canonical page with matching name; city could not be verified (login wall). No active or inactive ads for exact page name.
1447718432,"AGILE HOME HEALTH CARE, INC.",392786760844363,"https://www.facebook.com/pages/AGILE%20HOME%20HEALTH%20CARE,%20INC./392786760844363/",high,NO_ADS,Page ID and name match. No active or inactive ads for exact page name.
1730611781,"A Touch Of Helping Hands,Llc",123338857526582,"https://www.facebook.com/pages/A%20Touch%20Of%20Helping%20Hands,Llc/123338857526582/",high,NO_ADS,Page ID and name match. No active or inactive ads for exact page name.
1952557076,A Better Home Care,100054468639211,https://www.facebook.com/people/A-Better-Home-Care/100054468639211/,medium,NO_ADS,Provided page ID redirected to canonical page; name is generic so lookalike risk higher. 5 active ads matched the phrase but all from unrelated advertisers - none from this page.
1982470480,Admirable Home Care,113866088626310,https://www.facebook.com/pages/Admirable%20Home%20Care/113866088626310/,high,NO_ADS,Page ID and name match. No active or inactive ads for exact page name (inactive search re-run
1851963516,associates home care,117452021612277,https://www.facebook.com/pages/associates%20home%20care/117452021612277/,high,NO_ADS,Page ID and name match. One active ad matched the phrase but was from 'Smith and Associates Home Care' (different page).
1609352970,Agapes Love Home Care,377688786300423,https://www.facebook.com/Agapes-Love-Home-Care-377688786300423/,medium,NO_ADS,Page ID matches; resolved name differs slightly from provided 'AgapesWayInc'. No active or inactive ads for exact page name.
1275029134,Accurate Healthcare Services,103460129299227,https://www.facebook.com/Accurate-Healthcare-Services-103460129299227/,medium,NO_ADS,Page ID matches; resolved name differs from provided 'mylivingchoice'. No active or inactive ads for exact page name.
